department,salary_usd
Support,38706
Sales,30418
Support,37780
Support,44897
Marketing,31458
Support,35909
Marketing,73677
HR,65111
Engineering,108561
HR,41937
Marketing,55052
Support,38212
Marketing,57412
Support,56736
Support,51316
Marketing,43637
Support,54870
Engineering,80900
Engineering,104151
Marketing,55659
Sales,45738
HR,60624
Support,53292
Marketing,36372
Engineering,92490
Sales,66129
Support,30800
Marketing,28503
Support,52076
Marketing,58906
Sales,69977
Engineering,84060
Marketing,77298
HR,51642
Engineering,72625
Sales,66917
Engineering,102094
Sales,42315
Support,48700
Sales,57261
HR,35299
Marketing,49604
Marketing,37536
Engineering,116750
Support,49188
Sales,50638
Support,43383
HR,69893
HR,51429
HR,56602
Engineering,87899
Marketing,62065
Marketing,70986
Engineering,113471
HR,45428
HR,51722
HR,50039
Sales,28561
HR,52435
Support,59923
Sales,58197
Engineering,112391
Marketing,63794
HR,42459
Support,28000
Marketing,87061
Sales,71697
HR,64559
HR,57555
HR,40324
Marketing,70622
Sales,74567
Support,41072
Support,48971
Engineering,110954
Support,47039
Engineering,92119
Marketing,31768
Sales,78092
Marketing,36135
Sales,42539
Engineering,117267
HR,68935
Engineering,82687
Sales,38784
Engineering,116759
Support,35473
Marketing,45127
Support,46607
Sales,52313
Sales,81525
Support,41448
HR,49285
Support,28000
Marketing,46914
HR,63952
HR,58373
HR,56050
HR,48331
Marketing,48630
Sales,53208
Support,49240
Marketing,63094
Engineering,85411
Sales,57695
HR,47808
Engineering,85763
Marketing,54341
HR,36056
HR,43647
Sales,55578
Support,38503
Sales,59443
HR,47614
Sales,66576
Sales,66805
Support,52862
HR,53285
Marketing,51099
Support,48841
Engineering,125223
Marketing,43466
Support,38214
Marketing,71741
Support,28000
Engineering,90092
Sales,103999
Engineering,77487
HR,57095
Support,55462
Support,47609
HR,39400
Support,51115
HR,48285
Support,55324
HR,49257
Sales,74547
Sales,50633
Sales,70391
Support,38345
Engineering,80720
Marketing,64774
Sales,49251
Sales,52964
Sales,33018
Engineering,88255
Sales,80573
Engineering,51111
Marketing,77239
Engineering,119350
Support,37897
Engineering,95421
Sales,89640
Marketing,57061
Marketing,49495
Support,47591
Engineering,125098
Engineering,55277
Sales,67501
Marketing,55245
Marketing,52516
HR,53102
Support,56151
Sales,59568
HR,52702
Engineering,74927
Marketing,41206
Marketing,45460
Marketing,44575
Marketing,48648
Support,50255
Support,59157
Support,39920
HR,48560
Marketing,43401
Sales,55302
HR,58894
Sales,73527
Engineering,102662
Sales,63366
Marketing,72237
HR,55550
Sales,50495
Support,58002
Sales,68082
Engineering,73685
Sales,53203
Sales,80043
HR,35373
Engineering,96469
HR,76292
Marketing,31359
HR,48262
Sales,54080
Support,28000
Marketing,90735
Engineering,77444
Support,69159
Sales,63452
Engineering,80823
Support,48110
Sales,48340
Support,59028
Support,41621
Support,52930
Engineering,98197
Engineering,100611
Engineering,80908
Marketing,59498
Engineering,93756
HR,37947
Engineering,109623
Support,44360
HR,41653
Support,52052
Engineering,66350
HR,52368
Engineering,78885
HR,64288
Engineering,101998
Sales,66072
Sales,95320
Engineering,78689
Marketing,43155
Engineering,109908
HR,47366
Support,35216
HR,66977
Support,36165
Support,29192
Support,40524
Engineering,118692
Marketing,36986
Marketing,45492
Support,50691
Engineering,131537
Sales,86224
Marketing,57904
Marketing,63544
HR,63066
Engineering,85956
Engineering,115988
Sales,64681
Marketing,54420
Engineering,103323
Engineering,98704
Marketing,42251
Support,54165
Sales,44071
Engineering,81175
Support,61548
Marketing,43711
Marketing,41887
Marketing,63736
Sales,61094
HR,54635
Sales,50537
Marketing,41023
Support,57133
Support,35433
Support,52169
Marketing,77115
Marketing,39669
Engineering,98838
HR,50022
HR,48395
HR,59614
Marketing,87716
Sales,50126
Sales,75270
Sales,90728
HR,56782
Marketing,55326
Support,56989
Engineering,90402
Marketing,70785
Marketing,52178
Marketing,70349
Marketing,67811
Support,37716
Sales,47195
Marketing,70067
Sales,56874
HR,64386
Engineering,110328
Sales,75509
Marketing,43544
Sales,58050
Sales,28000
Marketing,94437
Sales,70989
Support,52578
Engineering,100814
HR,46683
Sales,46340
Marketing,50971
HR,39358
Engineering,76601
HR,51409
Engineering,112066
Support,44685
Engineering,86558
Support,43345
Engineering,97771
Marketing,72373
Engineering,99334
HR,42465
Support,36307
Sales,62368
Support,44651
Engineering,64455
Engineering,89690
HR,73143
HR,47341
HR,68083
Marketing,71004
Sales,32972
Support,38115
HR,51378
Marketing,41821
Engineering,61892
HR,55405
Support,44784
Sales,56767
Marketing,69173
Sales,86284
Support,46820
HR,50789
HR,50389
Sales,34684
Marketing,53344
Sales,69562
Support,28000
Sales,57492
HR,65091
Sales,54111
Marketing,37165
HR,73037
Support,56969
Sales,83378
Sales,56949
HR,46796
Marketing,47964
Engineering,87923
Marketing,47629
Engineering,104566
Engineering,87373
HR,55423
Sales,71894
Support,44335
HR,63668
Engineering,131743
Engineering,95659
Engineering,99146
HR,44797
Engineering,90219
Support,42084
Engineering,97001
Support,48421
Engineering,99983
Sales,97194
Sales,42350
Support,54433
Marketing,44018
HR,52090
Marketing,45478
HR,64163
Engineering,100053
HR,55215
Engineering,77276
HR,53671
HR,48729
Engineering,115707
Sales,60399
Sales,67090
Support,37838
HR,41065
Marketing,70859
Engineering,60518
Engineering,91022
Sales,84517
HR,51450
Support,42682
HR,41661
HR,63772
Marketing,51187
HR,52190
Marketing,71911
Engineering,87161
Sales,64898
Sales,79063
Support,42829
Sales,53059
Marketing,77504
Support,30521
HR,52124
Engineering,82359
Support,45347
Marketing,52181
Engineering,125185
