date,meals_served,kitchen_staff,temperature_C,humidity_percent,day_of_week,special_event,past_waste_kg,staff_experience,waste_category,food_waste_kg
2024-08-26,89,8,27.68,74.25,0,0,46.36,Intermediate,Vegetables,36.29
2024-01-29,217,6,26.77,47.76,0,1,49.84,Expert,Vegetables,42.22
2024-12-19,192,8,,71.5,3,0,39.53,Beginner,Meat,39.81
2024-02-18,191,7,,55.18,6,1,27.12,Intermediate,Grains,40.75
2024-06-24,325,16,20.02,63.79,0,0,,Beginner,GRAINS,36.78
2024-08-17,257,6,,46.3,5,0,29.44,,Vegetables,31.06
2024-09-06,162,3,13.57,81.7,4,1,,Beginner,Vegetables,44.42
2024-08-17,149,10 staff,18.26,63.26,5,0,46.18,Intermediate,Grains,41.37
2024-06-06, 428 ,6,27.92,73.3,3,0,31.42,Expert,Vegetables,50.47
2024-02-11,257,8,31.11,59.83,6,0,36.33,Beginner,Vegetables,40.53
2024-06-13,261,5,21.59,56.84,3,0,35.73,Beginner,Vegetables,43.4
2024-04-19,243,12,,39.23,4,0,23.18,Intermediate,Dairy,28.81
2024-01-07,318,13,29.52,53.61,6,0,27.26,Intermediate,Dairy,55.13
2024-08-25,214,10,31.8,32.51,6,0,19.43,Expert,Vegetables,22.41
2024-10-22,205,7,24.8,51.56,1,0,21.36,Expert,Vegetables,25.31
2024-11-23,306,3,15.29,68.19,5,0,35.12,Intermediate,Dairy,44.76
2024-10-29,224,5,13.05,71.74,1,1,37.76,expert,Grains,52.18
2024-02-13,471,6 staff,,55.57,1,0,29.52,Intermediate,Meat,64.17
2024-08-01,270,5,29.7,56.07,3,0,31.71, Intermediate ,Dairy,41.17
2024-06-22,306,,22.61,36.62,5,0,36.16,EXPERT,Dairy,43.74
2024-10-24,208,4,23.56,58.24,3,0,,Intermediate,Grains,40.79
2024-06-17,339,5 staff,15.01,65.45,0,0,33.14,expert,meat,51.82
2024-02-16,276,8,,57.93,4,1,30.21,Beginner,Vegetables,43.13
2024-07-20,258,8,27.38,42.65,5,0,38.22,Expert,Grains,51.78
2024-11-21,200,10,21.7,65.48,3,1,44.87,Beginner,Fruit,50.78
2024-12-07,306,12,23.85,74.11,5,1,21.41,Intermediate,Dairy,47.23
2024-05-15,181,12,31.03,50.22,2,0,48.77,Intermediate,Meat,59.31
2024-06-25,286,14,19.61,62.23,1,0,37.43,Expert ,VEGETABLES,37.9
2024-10-27,241,11,32.5,78.69,6,1,49.73,Expert,Meat,56.79
2024-09-14,186,11,24.57,44.14,5,0,36.67,Beginner,Vegetables,31.09
2024-03-07,311,9,19.75,88.77,3,0,20.92,Intermediate,Meat,44.18
2024-11-08,270,10 staff,23.43,57.04,4,0,23.74,Intermediate,Dairy,34.03
2024-04-13,235,9,21.4,67.75,5,0,27.85,INTERMEDIATE,Grains,45.48
2024-11-25,320,7,23.19,63.6,0,1,30.42,Expert,Meat,50.25
2024-05-13,338,7,19.78,66.81,0,0,37.36,Beginner,Dairy,55.58
2024-03-29,263,6,15.89,44.93,4,1,25.04,Intermediate,Dairy,43.5
2024-08-26,403,7 staff,25.88,38.43,0,0,52.22,Beginner,Vegetables,58.67
2024-09-02,189,12,30.93,48.56,0,1,48.51,Intermediate,Grains,51.62
2024-05-22,100,6,19.48,68.26,2,0,16.58,expert,Fruit,16.97
2024-01-16,97,6,10.3,39.55,1,0,14.59,Beginner,Meat,26.87
2024-04-28,279,9,16.92,62.55,6,0,29.18,Expert,Grains,44.26
2024-03-19,,6,26.57,59.65,1,0,,Intermediate,Grains,30.19
2024-08-20,213 meals,10,28.43,105.0,1,0,33.9,,Vegetables,30.38
2024-09-19,268,3,18.96,67.25,3,1,20.26,INTERMEDIATE,Grains,40.81
2024-06-01,252,11 staff,26.01,67.41,5,1,28.73,INTERMEDIATE,vegetables,47.81
2024-10-31,310,8,32.4,57.26,3,1,32.44,Intermediate,vegetables,47.04
2024-05-13,252,10,25.6,57.56,0,0,29.45,Intermediate,Vegetables,36.47
2024-06-08,248,9,25.56,58.04,5,0,23.16,INTERMEDIATE,meat,42.98
2024-06-07,141,8,30.08,65.45,4,1,28.66,beginner,Vegetables,35.72
2024-05-29,177,4,24.62,49.98,2,0,28.0,EXPERT,Dairy,38.38
2024-10-04,261,6,19.12,70.78,4,0,20.48,Intermediate,Dairy,35.26
2024-06-29,213,6,14.91,60.84,5,0,43.46,expert,Meat,50.22
2024-01-28,268,11,27.95,59.96,6,0,18.1,Expert,Meat,36.55
2024-07-04,258,6,24.28,68.81,3,0,14.74,Expert,Meat,31.24
2024-09-12,217,7,26.33,57.52,3,0,28.97,Beginner,Vegetables,41.81
2024-12-16,285,staff: 8,29.15,53.97,0,0,41.82,Intermediate,dairy,45.96
2024-02-14,359,13,16.46,68.37,2,1,19.02,Beginner,Grains,39.57
2024-08-21,399,staff: 8,18.73,34.26,2,0,41.2,EXPERT,Fruit,50.65
2024-04-13,340,10,23.41,50.15,5,0,26.75,Expert,Meat,36.85
2024-12-29,276,staff: 7,12.93,62.55,6,0,31.38,Intermediate,Dairy,46.8
2024-03-03,145,6,21.72,51.61,6,0,40.59,Intermediate, Meat ,36.19
2024-12-25,213,7,24.97,88.46,2,0,19.29,,Meat,34.5
2024-12-04,121,10,26.16,67.87,2,0,36.33,Intermediate,Meat,44.24
2024-10-19,279,5,,67.1,5,0,32.52,Beginner,Vegetables,47.3
2024-12-22,273,11,30.06,52.02,6,0,26.3,Expert,Grains,36.52
2024-10-11, 386 ,7,26.75,48.96,4,0,34.7,Intermediate,Vegetables,46.12
2024-04-20,96,8,19.78,63.46,5,0,28.8,Intermediate,Grains,28.15
2024-02-21,175,7,21.5,61.04,2,0,,Intermediate,FRUIT,36.22
2024-06-12,112,10,21.07,72.66,2,1,19.58,Expert,Meat,24.53
2024-02-19,264,8,23.35,36.88,0,0,40.24,Beginner,GRAINS,51.08
2024-06-15,298,10,29.97,53.23,5,0,19.41,Intermediate,Meat,36.94
2024-01-10,"336,",9,22.42,38.88,2,0,5.0,Intermediate,Meat,30.17
2024-12-11,355,,19.24,56.16,2,0,21.86,Beginner,Meat,41.84
2024-01-11,290,12,18.9,56.1,3,0,25.35,Beginner,Dairy,44.74
2024-08-08,206,5,22.33,88.84,3,0,43.57,Intermediate,Dairy,54.58
2024-08-02,278,9,26.63,57.24,4,0,26.43,expert,Fruit,43.56
2024-05-02,80,11,21.69,46.83,3,0,,,Meat,43.8
2024-06-02,321,9.0,22.99,72.57,6,1,42.44,Expert ,Meat,55.87
2024-02-26,,staff: 5,27.91,60.86,0,0,39.61, Intermediate ,Vegetables,42.27
2024-11-19,"211,",4,25.76,63.53,1,0,32.91,Beginner,Vegetables,45.52
2024-04-04,226,3,24.54,105.0,3,0,43.03,Beginner,Vegetables,56.61
2024-03-24,161,8,19.43,64.43,6,0,26.68,Beginner,Meat,37.52
2024-03-26,232,8,27.22,67.36,1,0,20.78,,Dairy,32.02
2024-10-16,238,10,33.19,82.84,2,1,14.13,Expert,Grains,34.63
2024-09-21,349,7,22.76,58.62,5,0,26.38,,Meat,43.36
2024-08-16,291,3,18.86,68.79,4,0,46.51,Intermediate,Fruit,45.68
2024-03-12,,5,16.28,71.3,1,0,,BEGINNER,Dairy,43.62
2024-10-17,204,9,20.62,63.76,3,0,33.47,Intermediate,Meat,38.8
2024-05-03,285,7,18.53,69.55,4,1,26.96,Intermediate,Grains,48.82
2024-04-30,335,14,14.7,49.12,1,0,33.33,Intermediate,Meat,50.81
2024-11-04,251,7,21.52,45.12,0,0,35.21,Expert,Grains,32.09
06/07/2024,141,13,25.36,88.34,5,0,41.9,Expert ,Grains,34.54
2024-12-04,249,5,27.01,31.57,2,0,19.33, Intermediate ,Fruit,27.35
2024-09-20,263,9,17.72,48.06,4,0,38.86,Intermediate,Vegetables,44.26
2024-03-24,240,,19.17,76.23,6,0,34.62,Expert,Meat,47.7
2024-11-02,116,9,16.36,83.17,5,1,28.14, Intermediate ,Grains ,41.9
2024-04-20,261,3,,68.42,5,0,25.91,Beginner,Grains,39.19
2024-05-22,175,6,17.49,62.62,2,0,,Intermediate,Vegetables,33.1
2024-10-27,241,11,32.19,78.69,6,1,49.73,Expert,Meat,56.79
2024-08-14,226,11,19.74,63.37,2,0,, Intermediate ,Meat,47.12
2024-07-21,229,10,,45.05,6,0,23.42,Expert,Fruit,34.02
03-28-2024,299,9.0,32.25,62.54,3,0,,Intermediate,Vegetables,37.54
2024-12-03, 315 ,8,15.87,75.0,1,0,21.73,Beginner,Fruit,36.42
2024-11-16,218,11,,60.7,5,1,20.83,Expert,Fruit,26.3
2024-09-26,"375,",5,28.02,79.74,3,0,37.16,Intermediate,Grains,55.83
2024-06-20,253,8,32.25,33.78,3,0,39.34,Intermediate,Vegetables,48.83
2024-01-03,322,10,23.85,56.76,2,0,42.42,Beginner,Dairy,45.94
2024-02-22,309,9,22.91,57.48,3,0,35.3,Expert,DAIRY,31.11
2024-04-01,,10,25.7,65.19,0,0,31.73,Intermediate,Grains,33.72
2024-04-19,220,4,28.54,55.94,4,0,42.53,,Dairy,43.7
2024-01-01,293,9,18.0,53.88,0,1,34.82,expert,dairy,51.46
2024-10-13,249,8,,72.7,6,0,35.63,Intermediate,Dairy,38.4
2024-07-09,303 meals,6,17.93,63.21,1,1,39.04,Beginner,Fruit,42.09
2024-09-23,,4,25.53,70.09,0,0,30.7,Intermediate,GRAINS,35.91
2024-05-16,91, 8 ,25.39,52.45,3,0,19.21,Beginner,Vegetables,29.59
2024-02-13,301,9,23.74,62.35,1,1,28.07,Beginner,Fruit,46.48
2024-05-15,245,14,23.21,48.81,2,0,36.16,Expert,Fruit,37.98
2024-07-06,160,11,23.77,49.68,5,0,28.58,beginner,dairy,37.03
2024-06-10,193,11,29.5,47.49,0,0,38.53,,dairy,38.03
2024-10-11, 221 ,8,22.73,81.6,4,0,47.83,Expert,Grains,49.2
2024-06-20,318,staff: 7,19.64,54.97,3,1,24.83,Expert,VEGETABLES,37.07
2024-04-03,300,9,25.13,43.84,2,0,13.26,Intermediate,Grains,41.09
2024-07-08,244,6,28.78,55.09,0,0,25.8,beginner,Dairy,37.99
2024-01-02,213 meals,8,19.32,60.92,1,0,34.28,Beginner,Meat,48.92
2024-08-17,337,5,25.8,57.16,5,0,26.45,beginner,Vegetables,35.64
2024-05-19,155,8,24.17,59.96,6,0,41.21,Beginner,Dairy,37.31
2024-12-03,"142,",9,21.69,85.27,1,0,33.46, Intermediate ,Meat,35.32
03-25-2024,264,8,13.26,59.98,0,1,,Beginner,Grains,48.45
2024-04-13,"173,",9,15.51,62.68,5,0,31.91,Expert,Meat,35.99
2024-03-25,209,8,21.71,60.72,0,0,29.93,INTERMEDIATE,Vegetables,39.59
2024-09-23,236,5,19.16,30.72,0,0,21.15,Intermediate,Meat,25.01
2024-12-04,389,9,22.27,53.06,2,0,22.45,Expert,Fruit,45.32
2024-06-11,80,7,27.4,81.54,1,0,38.48,Beginner,Meat,46.13
2024-06-20,155,8,18.91,51.23,3,0,21.68,Expert,Grains,19.41
2024-02-24,308,10,,51.96,5,1,15.85,,Grains ,43.21
2024-09-04,357,11,19.95,29.8,2,0,,Expert,Fruit,43.37
2024-09-12,258,5,27.45,45.87,3,0,29.95,Intermediate,DAIRY,36.49
2024-07-13,245,14,21.9,68.37,5,0,33.74,Intermediate,Dairy,35.67
2024-03-09,185,6,,57.53,5,0,26.9,expert,Meat,33.63
2024-01-09,240,11,28.29,83.6,1,0,15.84,Expert,Vegetables,32.06
2024-05-30,84,,20.3,67.38,3,0,18.7,Intermediate,Grains,13.59
2024-12-17,119,3.0,24.98,43.47,1,0,35.04,Intermediate,Meat,34.72
2024-01-24,,13,22.06,50.29,2,0,38.02,Beginner,Dairy,43.22
2024-06-01,"199,",5,21.9,69.4,5,0,36.88,Expert,Dairy,36.69
2024-02-04,253,11,10.2,73.91,6,1,14.33,Expert ,Fruit,43.58
2024-12-25,296,13,23.63,43.17,2,0,37.26,Intermediate,Grains,43.95
2024-07-21, 246 ,8,19.61,73.66,6,0,45.32,Expert,Fruit,45.09
2024-07-10,358,12,28.81,54.51,2,0,,Beginner,Fruit,35.99
2024-01-10,179,7,20.77,66.66,2,1,24.86,Intermediate,Grains ,51.57
2024-10-17,334, 8 ,27.93,80.89,3,0,,Beginner,Meat,53.74
2024-10-25,266,,,58.51,4,0,31.08, Intermediate ,Grains,45.52
2024-05-03,216, 10 ,22.55,54.96,4,0,12.38,Expert,Vegetables,23.86
2024-12-25,296,5,33.58,56.35,2,0,20.83,Expert,Vegetables,32.93
2024-07-29,206,11,19.05,47.53,0,0,,Intermediate,Vegetables,32.65
2024-02-21,381,5,29.55,64.7,2,0,41.82,Beginner,MEAT,55.84
2024-01-25,286,9,22.67,46.18,3,0,31.71,Beginner,Fruit,46.97
2024-09-03,290 meals,6,28.39,45.47,1,0,38.02,EXPERT,Meat,54.83
2024-05-31,204,11,17.78,75.72,4,0,37.74,,Fruit,45.59
2024-06-13,270,13,16.3,67.44,3,1,29.36,Beginner,Grains,53.54
2024-07-31,314 meals,9,20.29,53.32,2,0,25.5,Intermediate,vegetables,51.69
2024-04-11,208,5,19.06,83.0,3,0,21.92,Expert,Meat,36.49
2024-02-16,345,,24.24,58.29,4,0,31.09,Intermediate,Meat,52.75
2024-12-06,327,8,,68.41,4,0,32.99,Intermediate,Fruit,45.47
2024/07/26, 193 ,8,24.41,45.28,4,0,18.43,Expert,Dairy,32.0
2024-12-13,293,12,22.51,41.88,4,1,29.25,Expert,Grains,37.9
2024-06-11,"415,",4,35.23,71.87,1,0,29.49,Intermediate,vegetables,53.19
2024-08-25,256,15,15.92,57.41,6,0,39.63,BEGINNER,Fruit,46.44
2024-02-09,,6 staff,,52.96,4,0,34.64,Beginner,Grains,44.78
2024-11-03,234,5,11.11,45.87,6,1,33.7, Intermediate ,Grains,34.49
2024-09-20,371,5,29.0,73.07,4,1,,Intermediate,Fruit,44.39
2024-09-17,214,8,14.35,74.32,1,1,37.47, Intermediate ,Grains,46.35
2024-07-25,337,7,27.2,65.43,3,0,20.38,Intermediate,Grains,38.62
2024/11/21,249,10,27.3,63.88,3,0,32.86,Expert,Grains,39.91
2024-07-10,237,9,22.39,51.29,2,0,43.75, Intermediate ,Vegetables,37.84
2024-11-06,264,8,,58.9,2,0,42.5,Intermediate,Dairy,40.12
2024-05-11,318,5,23.3,28.25,5,0,38.76,,Grains,40.85
2024-07-30,245,4,26.07,61.27,1,0,34.83,Beginner,Fruit,46.87
2024-08-02,297,7,31.01,64.54,4,0,,Intermediate,Grains,38.29
2024-10-13,272,5,20.77,55.14,6,0,42.52,Intermediate,Grains,48.02
2024-07-12,297,6,21.83,45.02,4,0,21.6,Intermediate,Vegetables,36.84
2024-12-24,337,10,,56.29,1,0,33.38,Intermediate,Grains,39.67
2024-05-03,362,staff: 10,24.11,54.9,4,0,45.09,,Dairy,52.0
2024-06-09,,13,18.23,75.03,6,0,44.66,Beginner,Grains,48.1
2024-12-21,203,8,,57.22,5,0,25.45,,Dairy,35.27
2024-07-07,309,10,28.79,56.74,6,0,44.41,Intermediate,Grains,52.12
2024-02-09,338,7,23.98,57.55,4,0,44.39,Intermediate,Meat,60.81
2024-06-27,,10,26.7,53.14,3,0,29.49, Intermediate ,Dairy,55.09
2024-09-18,337,14,14.33,58.53,2,0,31.51,Expert ,Meat,46.9
2024-12-12,273,12,20.79,71.52,3,0,24.79,Beginner,Fruit,42.28
2024-07-12,,3,27.51,63.17,4,1,5.35,Intermediate,Vegetables,25.67
2024-02-18,364,8,22.64,69.26,6,0,26.0,Beginner,Grains,49.41
2024-12-08,471,8,13.55,52.98,6,1,30.97,,Dairy,66.55
2024-08-02,293,7,26.88,46.17,4,0,19.05,expert,Dairy,44.26
2024-04-25,144,12,14.42,67.4,3,1,27.83,Expert,Dairy,35.0
2024-01-02,189,7,25.51,77.71,1,1,,Intermediate,Vegetables,46.34
2024-08-12,270,10,,54.24,0,0,39.68,Expert,Meat,44.11
2024-11-07, 302 ,9,23.86,56.32,3,0,35.58,Intermediate,DAIRY,48.47
2024-02-17,349,6,35.6,77.37,5,0,36.73,Intermediate,dairy,50.55
2024-12-02,143,10,30.33,56.44,0,0,43.63,Beginner,dairy,42.66
2024-08-15,362,9,25.82,67.32,3,0,36.9,Expert,Fruit,49.44
2024-07-18,178,5,18.47,59.48,3,0,27.29,,Meat,35.39
2024-02-17,289,7,26.61,87.13,5,0,30.59,Beginner,meat,47.53
2024-07-17,128,11,7.28,45.3,2,0,34.78,Intermediate,fruit,46.36
2024-12-03,229,11,,36.17,1,0,42.13,Expert,Meat,47.96
2024-08-07,220, 6 ,16.58,60.75,2,0,32.81,Intermediate,Meat,37.48
2024-12-11,305 meals,8,19.11,65.59,2,0,35.1,Intermediate,Vegetables,44.21
2024-05-09,308,8,25.95,64.38,3,0,180.0,Expert,Dairy,42.8
2024-10-11,288,10,20.29,54.77,4,0,45.76,beginner,Fruit,50.86
2024-01-31,246,8,20.68,78.09,2,0,43.58,Intermediate,Meat,49.02
2024-02-09,204, 7 ,29.93,77.46,4,0,21.99,Beginner,Meat,47.04
2024-09-04,310,12,27.52,57.63,2,1,5.53,beginner, Meat ,32.3
2024/03/13,368,11,29.16,39.68,2,0,29.27,,Meat,40.37
2024-03-27,166,7,16.01,60.94,2,0,13.04,Intermediate, Meat ,16.35
2024-03-14,1200,16,20.69,69.89,3,0,34.89,Intermediate,Grains,38.9
2024-08-30,251,12,24.16,48.23,4,0,30.34,Beginner,Vegetables,47.88
2024-12-22,320,10,24.7,75.49,6,0,,Expert,Fruit,45.33
2024-02-21,332,7,,40.64,2,0,15.81,Expert,Vegetables,33.04
2024-11-05,332,9,,82.21,1,0,17.46,Expert, Meat ,36.01
2024-04-30,282,9,18.65,51.72,1,0,26.76,Beginner,Dairy,50.31
2024-05-15,245,8,22.5,56.1,2,0,26.15,INTERMEDIATE,Meat,34.63
2024-09-23,,14 staff,24.95,41.17,0,0,27.25,Intermediate,fruit,42.51
2024-12-05,142,8 staff,26.73,64.89,3,0,30.36,Expert,Vegetables,29.58
2024-02-01,259,8,31.93,55.6,3,0,30.35,Intermediate,Dairy,50.61
2024-05-15,288,6,19.51,73.43,2,0,40.68,Intermediate,Meat,60.12
2024-07-28, 207 ,12,27.33,64.05,6,0,9.09,Expert,Dairy,26.14
2024-03-05,352,9,32.72,71.58,1,1,44.24,Expert,Fruit,57.14
2024-11-06,189,6,21.39,57.64,2,0,28.33,Intermediate,FRUIT,31.8
2024-01-19,238,9 staff,20.84,43.8,4,0,27.76,expert,Meat,43.53
2024-04-08,231,6,20.84,49.35,0,0,26.57,Expert,Dairy,28.09
2024-05-30,239,9,17.52,44.98,3,0,31.73,Expert,meat,35.1
2024-01-19,317,6,20.03,71.41,4,0,29.17,Intermediate,Fruit,38.58
2024-06-09,239,12,27.84,75.11,6,0,29.94,Beginner,Vegetables,40.43
2024-09-23,334,,33.99,47.27,0,0,31.45,Expert,Vegetables,40.87
2024-01-17,176,10,22.21,53.88,2,0,38.7,Expert,Grains,34.96
2024-04-17,,10,-10.0,54.95,2,0,34.47,Expert,dairy,54.79
2024-12-19,125,,32.45,78.66,3,1,49.36,BEGINNER,Fruit,42.99
2024-04-01,258,8,19.6,47.06,0,0,31.5,Beginner,Meat,46.54
2024-08-07,323,8,28.3,71.58,2,0,38.34,,Meat,49.49
2024-05-06,206 meals,5,28.21,65.7,0,1,-5.0,BEGINNER,Meat,38.2
2024-12-16,132,5,17.5,67.74,0,0,23.96,expert,Vegetables,27.18
2024-01-14,238,11,25.1,51.28,6,1,42.79,Expert ,Grains,48.76
2024-04-23, 268 ,7,25.0,64.73,1,0,22.74,Expert,Grains,31.88
2024-02-03,"184,",10,22.11,78.51,5,0,25.43,Expert,Dairy,27.87
2024-02-27,173,9,7.63,65.73,1,0,46.87,Beginner,Grains,55.06
2024-03-11,386,6,17.76,65.0,0,0,25.85,Expert,Meat,54.49
2024-01-03,,4,22.86,46.08,2,0,,EXPERT,Dairy,39.66
2024-10-17,252,11,33.6,58.24,3,1,44.57,Intermediate,Dairy,54.27
2024-10-28, 280 ,staff: 11,24.88,67.33,0,0,42.78,beginner,Dairy,50.91
2024-07-12,315,6,24.99,37.47,4,0,36.77,Beginner,Dairy,50.01
2024-08-29,261,13,23.31,60.04,3,1,40.09,Expert,Grains,46.34
2024-01-09,371,6,17.83,29.75,1,0,26.2,Beginner,Vegetables,42.77
2024-12-19,265,7,29.91,63.35,3,0,21.08,Intermediate,Grains,48.05
2024-05-31,341,9,,45.8,4,0,57.09,Intermediate,Meat,64.36
2024-11-08,294,7,34.92,47.56,4,0,33.59,Expert,Grains,41.6
2024-09-07,291,9,25.89,55.9,5,0,27.84,Beginner,Dairy,47.88
2024-07-13,287,10,23.16,50.11,5,0,36.75,Intermediate,FRUIT,37.28
2024-02-23,166,8,22.39,52.53,4,0,28.36,,Meat,45.06
2024-05-28,172,,29.18,62.55,1,0,38.54,Expert,Dairy,51.6
2024-06-23,292,11,,54.64,6,0,26.3,BEGINNER,Vegetables,36.74
2024-09-30,200,10,15.91,53.44,0,1,44.23,Beginner,VEGETABLES,49.59
2024-05-12,263,4,25.69,72.66,6,0,45.52,Intermediate,Meat,49.42
2024-05-06,,,33.33,50.03,0,0,20.49,Beginner,Grains,37.09
2024-08-09,302,4,,51.58,4,0,30.13,Intermediate,Meat,48.2
2024-02-22,124,7,25.5,39.99,3,1,25.73,,Grains,29.24
2024-12-19, 327 ,9,29.76,68.9,3,0,26.26,Intermediate,Vegetables,43.9
2024-08-26,322, 6 ,20.05,87.37,0,0,13.08,expert,Meat,41.54
2024-04-02,261 meals,staff: 9,20.64,56.36,1,1,18.7,Beginner,Vegetables,33.6
2024-11-09,278,11,20.95,66.07,5,0,23.95,,Meat,39.27
2024-06-27,146,3,15.23,60.13,3,1,35.73,Intermediate,Vegetables,39.54
2024-07-27,298,16,19.93,62.26,5,0,35.9,Intermediate,Fruit,42.74
2024-08-30,190,6,17.47,48.31,4,0,25.29,Intermediate,Fruit,30.72
2024-06-21,288,,28.83,63.11,4,0,19.41,Intermediate,Vegetables,32.03
2024-09-26,258 meals,10,15.52,59.75,3,0,44.68,Beginner,Dairy,60.63
2024-06-12,331,10,23.34,61.88,2,0,16.03,Intermediate,Fruit,32.69
2024-03-11,176,3,,55.02,0,0,22.51,Expert,Dairy,23.37
2024-04-07,273,7,60.0,55.41,6,0,23.03,Beginner,Fruit,42.97
2024-08-31,191,7,15.51,57.05,5,0,37.45,Intermediate,Dairy,34.42
2024-09-25,300,9,19.62,53.54,2,0,36.79,Beginner,FRUIT,45.36
2024-07-04,226,11,24.0,62.48,3,0,32.55,Intermediate,Vegetables,32.56
2024-11-27,253,8,14.74,51.29,2,0,28.59,Intermediate,Meat,44.05
2024-11-26,,11,23.91,48.72,1,0,32.74,INTERMEDIATE,dairy,27.27
2024-05-25,154,9,25.28,60.02,5,0,29.33,Intermediate,Grains,32.76
2024-12-01,285,7,14.86,68.77,6,1,39.48,BEGINNER,Meat,63.12
2024-03-04,379,9 staff,26.94,63.89,0,1,28.62,Intermediate,Meat,53.34
2024-02-08,306,10,19.39,66.41,3,0,39.64,Beginner,Meat,51.09
2024-10-28,110,8,19.26,58.56,0,1,11.61,Beginner,Fruit,15.92
2024-01-20,298,10,17.71,54.85,5,0,27.13,Intermediate,Dairy,49.87
2024-09-11,138,10,25.34,41.53,2,1,35.07,Expert,Meat,44.02
2024-07-14,350,12,30.04,54.66,6,0,11.29,Expert,Grains,28.23
2024-09-12,355,6,27.96,48.38,3,0,34.58,,Grains,45.38
2024-08-14,,6,17.19,58.31,2,0,20.69,Expert,Grains,29.35
2024-05-01,207,9,23.04,70.15,2,0,29.22,Expert,Grains,41.16
2024-10-06,110,6,24.43,66.3,6,0,26.47,Beginner,Grains,38.89
2024-08-18,316,staff: 8,16.42,75.27,6,0,36.17,Intermediate,Meat,52.89
2024-04-24,218,10,15.85,51.14,2,0,32.88,Expert,Vegetables,31.96
2024-10-12,269,3,21.77,65.08,5,0,23.9,Intermediate,Grains,38.39
2024-06-17, 195 ,7,31.66,55.57,0,0,38.96,Beginner,Fruit,42.13
2024-10-04,345,6,16.42,60.46,4,1,17.15,Beginner,Grains,41.58
2024-09-07,257,11,17.96,40.94,5,1,31.53,,Dairy,41.03
2024-08-30,224,10,19.2,35.73,4,0,35.78,Intermediate,Dairy,46.14
2024/05/13,"191,",5,19.57,63.88,0,0,23.64,Intermediate,Vegetables,30.2
2024-08-10,160,6,20.87,60.52,5,1,31.99,Beginner,Meat,51.19
2024-11-22,265, 9 ,21.15,45.34,4,0,28.25,Expert,Vegetables,38.91
2024-04-25,236,9,21.56,70.77,3,0,10.82,Beginner,Fruit,28.48
2024-12-01, 257 ,9,23.13,76.85,6,0,30.65,Expert,Vegetables,31.74
2024-04-06,243,8,15.83,70.08,5,0,35.49,,Dairy,47.83
2024-07-01,240,8,22.56,72.75,0,1,29.73,Beginner,Dairy,46.53
2024-01-30,80,,28.26,58.09,1,0,20.34,Intermediate,fruit,26.58
2024-07-12,304,8,17.05,62.97,4,0,22.37,Intermediate,FRUIT,48.09
2024-09-28,265,,22.64,52.72,5,0,20.77,Beginner,Vegetables,26.95
2024-09-23,432,9,19.89,47.06,0,1,37.21,beginner,Vegetables,48.35
2024-10-21,474,4 staff,19.35,56.49,0,1,35.17,Beginner,meat,66.04
2024-01-02, 212 ,8,,62.25,1,0,37.88,Intermediate,Meat,45.11
2024-01-28,159,5,21.07,62.09,6,0,36.89,Expert,Meat,38.08
2024-05-22,100,6,19.14,68.26,2,0,16.58,expert,Fruit,16.97
2024-11-04,233,7,24.62,46.41,0,0,17.03,Expert,Dairy,27.23
2024-10-19,297 meals,8,19.44,105.0,5,0,23.57,Intermediate,Grains,40.54
2024-09-01,94,5,20.61,105.0,6,0,61.92,Intermediate,Grains ,46.53
2024-04-01,232,6,23.07,52.55,0,0,36.91,Intermediate,FRUIT,43.12
10-29-2024,232,7,24.97,57.35,1,0,31.07,Expert,Fruit,33.93
2024-04-07,309,9,20.65,48.75,6,1,24.26,Expert,Grains,39.01
2024-11-16,"178,",8,21.31,57.57,5,0,30.4,,Vegetables,25.61
2024-10-11,309, 11 ,29.26,71.83,4,0,24.2, Intermediate ,Dairy,50.46
2024-09-26,417,6,24.29,53.26,3,0,46.77,Intermediate,Grains,48.16
2024-10-03,173,6,20.96,45.64,3,1,33.09,expert,Grains,38.2
2024-10-08,169 meals,10,,56.3,1,0,30.57,Expert,Dairy,33.15
2024-05-05,368,6,21.42,65.35,6,0,33.99,Expert,Dairy,48.43
2024-10-18,254,3,27.24,44.06,4,1,45.62,,Grains,61.08
2024-05-07,223,8,27.1,54.33,1,1,,Expert,Grains ,34.75
2024-06-08,179,6.0,,48.29,5,0,35.33,Intermediate,Grains,41.67
2024-07-04,226,11,24.19,62.48,3,0,32.55,Intermediate,Vegetables,32.56
2024-11-25,,6,,44.08,0,0,24.06,Expert,Meat,42.53
2024-12-25,116,11,23.94,25.93,2,0,55.11,Intermediate,DAIRY,48.62
2024-10-11,377,4,,62.79,4,1,41.01,Expert,Meat,58.39
2024-09-03,268,6,22.99,23.99,1,0,31.91,,Dairy,35.57
2024-11-27,199,14,24.59,59.87,2,0,52.67,BEGINNER,dairy,56.71
06-12-2024,185,10,14.74,55.19,2,0,29.38,Intermediate,dairy,44.64
2024-10-20,231,,32.97,47.85,6,1,29.8,Intermediate,Grains,49.44
2024-08-03,335,7,19.14,44.31,5,0,28.43,Expert,Fruit,39.51
2024-02-07,305,9,18.62,74.5,2,0,30.12,Beginner,Grains,49.14
2024-08-12,244,9,26.83,78.49,0,1,29.4,Intermediate,Vegetables,40.72
2024-08-31, 349 ,11,16.88,49.37,5,0,38.25,,Fruit,48.74
2024-12-01,278,,32.54,38.99,6,1,36.09,Intermediate,Fruit,51.86
2024-02-17,218,6,18.81,65.21,5,1,29.31,Intermediate,Fruit,32.81
2024-07-17,350,10.0,21.82,59.07,2,0,,,Meat,58.83
2024-08-30,371,9 staff,12.8,50.66,4,1,35.66,Expert,Dairy,47.16
2024-08-02,,6,20.78,59.72,4,0,,Intermediate,Dairy,29.07
2024-05-08,,11,28.4,49.02,2,0,27.63,expert,Meat,40.47
03-10-2024,294,7,29.28,42.79,6,0,37.83,Intermediate,Grains,50.29
2024-08-12,244,9,26.54,78.49,0,1,29.4,Intermediate,Vegetables,40.72
2024-07-17,350,10.0,21.87,59.07,2,0,,,Meat,58.83
2024-12-03,117,12,26.04,62.63,1,0,38.92,Beginner,Grains,38.39
2024-01-02,345,7,25.82,78.28,1,1,24.56,Beginner,Vegetables,50.11
2024-06-16,,9,,54.56,6,0,14.92,Intermediate,Dairy,43.5
2024-10-30,256,7,19.64,53.83,2,0,29.68,Beginner,Dairy,44.54
2024-04-24,152,10,11.8,79.7,2,0,28.22,Intermediate,Fruit,34.48
2024-01-19,272,9,23.89,66.63,4,0,,Intermediate,Meat,35.62
2024-07-25,192,10 staff,26.64,46.51,3,1,36.25,Intermediate,Vegetables,39.24
2024-10-08,276,3,16.47,77.74,1,0,28.91,Beginner,Grains,43.48
2024-01-25,342,7,31.92,60.63,3,1,22.72,Expert,Grains,47.0
2024-02-08,"133,",8,24.5,64.53,3,0,35.36,Expert ,Dairy,39.3
2024-04-15,80,8,22.4,39.9,0,0,30.76,Intermediate,Fruit,17.5
2024-08-29,185,6,19.66,61.23,3,1,33.37,Beginner,Meat,48.71
2024-08-12,312,7,22.84,65.23,0,0,27.67,Beginner,Fruit,39.99
2024-08-14,307,5,24.51,62.78,2,0,54.17,Beginner,Dairy,69.41
2024-12-25,192,10,24.77,57.9,2,0,29.23,,vegetables,44.02
2024-02-13,208,9,27.43,64.56,1,0,21.81,Beginner,Fruit,33.23
2024-08-19,251,5,26.08,67.83,0,0,9.99,Beginner,Dairy,33.17
2024-04-25,279,9,21.26,48.71,3,0,30.44,Beginner,Meat,50.43
2024-09-30,211,10,13.89,61.98,0,0,28.96,Expert,Vegetables,35.24
2024-04-08,253,7,22.22,58.12,0,0,21.48,Beginner,Dairy,39.9
2024-01-16,296,11,25.9,46.96,1,0,21.69,,Meat,46.06
2024-02-05,250, 13 ,18.84,59.62,0,1,28.24,Intermediate,Grains,48.66
2024-06-28,246,staff: 6,23.36,54.53,4,0,33.44,Expert,Dairy,31.08
2024-07-08,229,10,22.9,59.9,0,0,43.22,Beginner,Meat,51.94
 2024-07-31 ,307,8,19.89,67.55,2,0,28.5,Beginner,Vegetables,45.13
2024-07-27,232,9,25.35,43.3,5,1,,Beginner,Meat,51.06
2024-08-30,251,12,24.52,48.23,4,0,30.34,Beginner,Vegetables,47.88
2024-02-03,,11,21.02,47.85,5,0,50.63,,Dairy,50.26
2024-02-22,124,7,25.44,39.99,3,1,25.73,,Grains,29.24
2024-01-04,,9.0,18.73,80.97,3,1,25.04,Beginner,Grains,47.5
2024-01-16,263 meals,8,22.79,70.02,1,0,,EXPERT,Dairy,39.08
2024-03-07,,11,19.36,65.21,3,0,16.94,Beginner,Vegetables,40.25
2024-03-30,325,9,20.74,56.54,5,0,34.15,Beginner,VEGETABLES,41.13
2024-06-15,"326,",9,21.48,42.04,5,0,38.11,Expert,Meat,40.98
2024-06-16,,8,,78.25,6,0,36.1,Beginner,Vegetables,37.74
2024-11-01,227,8,20.87,51.28,4,0,20.79,Expert,Meat,33.74
2024-09-11,190,8,25.56,63.27,2,1,30.65,Intermediate,Vegetables,44.4
2024-09-11,237,6,26.14,61.45,2,0,26.37,BEGINNER,Dairy,35.69
2024-05-20,367,6,25.61,61.88,0,0,,Expert ,Dairy,54.59
2024-08-06,271,12,18.19,55.01,1,0,24.91,Intermediate,Fruit,31.32
2024-01-18,344,12,15.05,69.68,3,1,24.95,Beginner,vegetables,42.03
2024-08-26, 96 ,staff: 7,19.22,56.91,0,0,25.72,,Dairy,23.7
2024-11-02,139,6,,49.16,5,1,31.68,Expert,DAIRY,29.81
2024-04-17,,10,-10.0,54.95,2,0,34.47,Expert,dairy,54.79
2024-12-08, 286 ,10,21.46,46.66,6,0,32.85,Intermediate,Grains,47.73
2024-06-17,316,4,19.89,45.59,0,0,30.7,Intermediate,Fruit,42.6
2024-03-13, 312 ,,13.79,34.15,2,0,31.86,EXPERT,Grains,36.24
2024-11-15,205,9,,58.94,4,0,22.19,expert,VEGETABLES,37.17
2024-03-23,238,8,19.84,75.12,5,0,19.72,Expert,Fruit,27.97
2024-12-23, 266 ,10,,49.59,0,0,28.45,,Grains,35.73
2024-04-05,260,4,17.72,39.91,4,0,37.93,Expert,Vegetables,40.14
2024-05-16,323,10,25.26,62.7,3,0,43.66,Expert,Vegetables,43.07
2024-09-25,283,7,24.98,46.74,2,0,,Intermediate,Grains,46.57
2024-12-03,80,8,,53.47,1,0,15.89,Expert,vegetables,19.25
2024-12-17,305,14,24.44,68.85,1,0,25.39,Expert,Grains,35.22
2024-02-09,181,6,24.59,35.84,4,1,27.31,Expert,Fruit,25.9
2024-08-21,141,,23.06,46.53,2,0,30.43,Expert,fruit,29.64
2024-08-25,164, 13 ,24.85,65.3,6,0,17.23,Intermediate,Grains,25.61
2024-01-17,302,8,27.54,62.16,2,0,31.91,Intermediate,Grains,47.16
2024-03-28, 265 ,3,17.8,44.98,3,0,26.77,Expert,Meat,44.23
2024-11-03,234,5,11.24,45.87,6,1,33.7, Intermediate ,Grains,34.49
2024-11-06,278,8,23.48,77.33,2,1,27.31,Intermediate,Grains,48.16
2024-04-13,325,,30.48,72.91,5,0,22.34,Beginner,Dairy,51.81
2024-03-26,229,7,31.32,79.78,1,0,41.5,Expert,vegetables,45.72
2024-01-23, 301 ,11,17.78,79.85,1,0,27.96,,Grains,48.82
2024-05-01,283,7,32.91,58.89,2,0,38.27,Beginner,FRUIT,53.71
2024-10-30,288,7,24.51,72.3,2,1,55.78,Beginner,Grains,62.24
2024-11-04,156,8,22.81,65.96,0,0,17.07,Expert,meat,19.88
2024-09-04,164,3 staff,27.64,66.89,2,0,33.09,Beginner,Vegetables,34.33
2024-05-04,,7,17.51,57.31,5,0,28.5,Expert,Grains,26.43
2024-08-29,113,3,25.01,68.77,3,1,14.61,EXPERT,vegetables,28.91
2024-01-10,185,,19.27,54.35,2,0,25.75, Intermediate ,Meat,37.0
2024-04-22,173,5,29.2,68.04,0,0,38.9,,Vegetables,46.4
2024-10-14,248,7,25.76,50.54,0,1,,Expert,fruit,44.3
2024-04-29,273,11,23.87,79.13,0,0,15.0,Expert,Grains,39.52
2024-02-15,205,6,21.54,51.77,3,0,34.86,Expert,Grains,37.24
2024-11-11,426,9,18.54,84.76,0,0,24.23,Beginner,Grains,47.73
2024-12-03,343 meals,5,16.46,72.79,1,0,19.65,Beginner,Meat,48.08
2024-10-11,253,9,28.98,61.0,4,0,33.91,expert,Vegetables,38.63
2024-07-01, 145 ,9,24.61,72.26,0,0,33.64,Beginner,Meat,36.66
2024/04/11, 298 ,3,25.5,58.88,3,0,38.82,Intermediate,Meat,48.67
2024-04-13,230,6,18.67,52.69,5,0,31.41,Expert,Fruit,37.63
2024-04-10,319,9,24.9,72.29,2,0,43.33,Beginner,Grains,52.27
2024-01-31,"318,",10,19.9,47.53,2,0,42.76,Intermediate,Meat,52.75
2024-09-13,80,7,17.56,54.22,4,0,33.46,BEGINNER,Vegetables,32.35
2024-11-22,265, 9 ,21.15,45.34,4,0,28.25,Expert,Vegetables,38.91
2024-11-11,,12,,39.82,0,1,28.04,Intermediate,Vegetables,35.62
2024-08-20,223,7,21.64,65.54,1,0,39.54,Beginner,DAIRY,49.74
2024-06-18,253,,17.45,59.75,1,0,22.96,Expert,Vegetables,34.8
2024-12-27,180,9,18.88,74.09,4,0,25.82,Intermediate, Meat ,31.2
2024-09-26,210,11,21.5,75.39,3,0,36.88,Beginner,Vegetables,48.45
2024-02-07, 349 ,9,18.92,50.23,2,0,27.5,Expert,Dairy,39.18
2024-09-27, 275 ,7,26.98,58.77,4,0,37.77,Beginner,Dairy,46.15
2024-07-27,329,9,16.05,68.75,5,0,39.01,,meat,54.53
2024-03-09,"237,",11,21.52,73.14,5,1,12.83,INTERMEDIATE,Grains,38.61
2024-03-07,"403,",6,17.86,47.9,3,0,30.1,Expert,GRAINS,43.09
2024-10-11, 199 ,7,19.79,64.82,4,0,35.58,Intermediate,Dairy,47.01
2024-12-07,154,10,16.67,63.45,5,1,26.31,Expert,Grains,37.04
2024-08-25,252,5,,56.32,6,0,24.68,Intermediate,Grains ,27.94
2024-01-15,226,10,20.71,49.77,0,0,29.93,Beginner,Dairy,42.79
2024-11-22,173,,31.39,48.69,4,0,32.18,,FRUIT,31.94
07-23-2024,365,4,27.45,56.25,1,0,37.05,Beginner,VEGETABLES,51.14
2024-06-01,218,7,20.76,69.76,5,0,30.47,Intermediate,Meat,41.91
2024-11-02,220, 6 ,19.88,34.7,5,0,29.38,Expert,Grains ,35.63
2024-10-20,,,27.11,53.78,6,0,27.69,Expert ,Meat,46.24
2024-02-15,268,7,20.2,55.93,3,0,21.09,Intermediate,Dairy,33.92
2024-04-20,121,6,27.68,44.95,5,1,26.08,Intermediate,meat,34.57
2024-11-01,80,9,24.68,51.25,4,0,20.64,Beginner,Vegetables,33.84
2024-04-25,260,11,22.16,55.27,3,0,49.08,Beginner,Vegetables,42.54
2024-09-11,190,8,25.56,63.27,2,1,30.65,Intermediate,Vegetables,44.4
2024-01-31, 274 ,5,21.02,62.72,2,0,31.16,Beginner,Meat,51.31
2024/05/01, 327 ,8,14.26,60.89,2,0,,expert,Grains,42.77
2024-04-12,286, 6 ,19.47,58.38,4,0,24.56,Expert,Meat,35.68
2024-07-31,219,6,21.1,79.0,2,0,26.49,Expert ,Grains,30.26
2024-05-02, 215 ,6,34.38,58.79,3,1,26.56,Intermediate,Vegetables,37.46
2024-06-30,261,8,28.45,50.07,6,0,44.25,Intermediate,Meat,54.04
2024-06-17,175,staff: 9,25.24,54.55,0,0,16.15,Beginner,Meat,28.94
2024-08-22,349,10,38.12,62.1,3,0,18.73,Expert,FRUIT,43.91
2024-05-20,280,6,28.11,48.26,0,0,29.28,Intermediate,VEGETABLES,48.29
2024-02-13,222,9,25.94,57.48,1,0,32.89,Intermediate,Fruit,33.59
2024-12-12,,10,19.75,70.12,3,0,34.8,Expert,Grains,38.7
2024-05-11,220,11,60.0,50.06,5,0,36.11,Intermediate,Meat,37.35
2024-12-06, 277 ,7,20.18,44.86,4,0,33.36,,Fruit,42.15
2024-09-14,80,10,17.37,64.71,5,0,26.38,Intermediate,Grains,28.92
2024-09-25,80,10,24.56,53.65,2,0,42.1,Intermediate,Fruit,30.37
2024-04-08,294,6,19.92,57.19,0,0,22.06,Expert ,Vegetables,32.48
2024-10-30,224,9,27.79,66.34,2,0,35.22,Beginner,Dairy,45.17
2024-07-16,390,10,30.56,61.86,1,0,25.04,Intermediate,Vegetables,42.21
2024-02-20, 210 ,12,24.67,35.92,1,0,14.13,Expert ,Dairy,24.73
2024-06-20,255,,31.14,67.83,3,0,,Beginner,GRAINS,47.23
2024-06-12,155,8,17.38,80.91,2,1,33.97,,Meat,42.03
2024-03-28, 169 ,3,18.05,63.15,3,0,31.06,Intermediate,Dairy,39.87
2024-11-06,264,8,,58.9,2,0,42.5,Intermediate,Dairy,40.12
2024-11-27,377,8,21.77,52.78,2,0,30.97,Expert,Meat,54.51
2024-02-21,324,7,23.4,130.0,2,0,30.1,Intermediate,Vegetables,53.16
2024-02-29,236,10,,35.54,3,0,52.17,Expert,Fruit,50.72
2024-03-04,214,8,24.25,66.62,0,0,27.32,Expert,Vegetables,37.45
2024-10-13,,5,21.38,55.83,6,0,,Beginner,Meat,51.89
2024-09-29,297,9,27.09,49.41,6,0,32.12,Intermediate,Dairy,41.98
2024-02-28,310,12,21.41,51.84,2,0,16.3,,Grains,34.02
2024-06-06,261,6,19.43,44.24,3,0,24.2,expert,FRUIT,32.22
2024-10-22,339,,9.27,75.82,1,0,38.89,Intermediate,Dairy,61.49
2024/01/29,498 meals,8,22.53,43.76,0,0,35.09,Intermediate,Grains,49.18
2024-01-14,301,13,20.17,69.85,6,0,13.13,Intermediate,Meat,42.63
2024-12-14,222,9,26.43,39.51,5,0,31.86,EXPERT,meat,43.13
2024-10-19,171,6,24.63,80.71,5,0,32.23,Intermediate,fruit,31.27
2024-03-31,148,7,22.79,69.44,6,0,180.0,Beginner,Vegetables,36.86
2024-11-30,247,8,19.86,49.17,5,0,,Beginner,Grains,58.5
2024-09-01,277,9,21.99,48.2,6,0,,Intermediate,Dairy,46.36
2024-12-28,277,9,18.88,57.01,5,1,44.38,,Meat,51.51
2024-08-02,463,8,20.58,51.2,4,0,36.97,,Fruit,43.8
2024-01-18,158,7,27.14,48.77,3,0,27.86,Intermediate,Vegetables,34.6
2024-02-08,198,3,16.92,77.25,3,0,31.83,Intermediate,Grains,37.46
2024-04-12,284,5,16.85,52.06,4,0,,expert,Grains,30.82
2024-10-20,236,8,55.0,80.69,6,0,24.76,Intermediate,Dairy,40.88
2024-12-13,210,6.0,23.91,67.94,4,1,,Beginner,Grains,41.94
2024-05-15,325,7,17.06,65.49,2,0,33.74,Expert,Vegetables,41.2
2024-05-24,282,6,17.38,54.18,4,1,30.71,,Vegetables,51.96
2024-10-11,266,13,19.22,85.45,4,0,20.71,Intermediate,Vegetables,42.94
2024-08-04,281,7,24.57,66.83,6,0,32.43,Intermediate,Meat,58.69
2024-12-05,366,9,26.33,54.9,3,0,23.65,Beginner,Vegetables,46.19
2024-12-24,186,12,16.93,51.98,1,0,38.78,BEGINNER,Vegetables,35.74
2024-01-31,261,10,17.99,47.87,2,0,31.67,EXPERT,Grains,37.17
2024-01-28,344,3,21.81,56.53,6,0,37.99,Intermediate,Grains,48.94
2024-04-16,291,7,18.94,36.6,1,0,,Intermediate,Grains,32.01
2024-01-02,328,,23.4,59.55,1,0,49.16,Expert,Meat,54.98
2024-12-17,240,5,24.27,54.69,1,0,22.27,beginner,Grains,39.42
2024-12-27,260,10,19.98,53.85,4,1,29.38,Intermediate,DAIRY,38.25
2024-09-24,173,8,14.64,71.11,1,1,28.94,Expert,Vegetables,41.83
2024-07-17,410,7,18.41,55.74,2,1,32.87,,Dairy,56.15
2024-07-11,294,9,19.32,68.41,3,0,31.46,Beginner,MEAT,46.97
2024/02/13,174,14,12.24,77.36,1,0,27.98,Intermediate,Dairy,30.07
2024-09-01,,11,24.37,44.91,6,0,26.39,Intermediate,vegetables,36.44
2024-04-07,368, 12 ,24.28,58.15,6,0,28.96,Intermediate,Meat,44.14
2024-10-11,218,9,,42.05,4,1,16.9,Intermediate,Grains,24.24
2024-03-04,226,10,27.34,81.13,0,0,,Intermediate,Dairy,43.87
2024-08-19,333,10,18.95,57.64,0,0,49.14,,Vegetables,50.59
2024-11-30,,10,15.78,43.55,5,0,28.11,Intermediate,Dairy,40.34
2024-08-12,203,5.0,25.95,52.76,0,0,15.66,Intermediate,Fruit,29.28
2024-02-26,200,4,,71.41,0,0,51.61,Expert,Meat,57.83
2024-04-29, 302 ,12,,70.88,0,0,37.73,Beginner,Meat,59.2
2024-01-02,259,11,31.37,56.35,1,0,30.62,Beginner,MEAT,45.25
2024-05-23,"369,",9,17.59,65.02,3,0,34.89,Intermediate,Meat,58.08
2024-11-01, 331 ,6,30.51,66.54,4,0,48.86,Beginner,Vegetables,53.66
2024-08-13,226,9,25.11,74.93,1,0,33.1,Intermediate,Grains,40.38
2024-07-03,252,,16.49,54.99,2,0,33.58,,Vegetables,39.77
2024-02-21,244,8,21.75,40.88,2,0,34.16,Expert,Grains,42.41
2024-04-13,"173,",9,15.51,62.68,5,0,31.91,Expert,Meat,35.99
2024-03-11,303,8,14.93,38.56,0,0,30.41,Expert,meat,46.35
2024-02-01,347,11,21.78,38.28,3,0,29.08,Intermediate,Meat,46.8
2024-04-20,253,5,18.12,68.13,5,0,36.3,,Vegetables,33.41
2024-09-07,267,10,29.14,88.86,5,0,41.98,Beginner,Vegetables,57.56
2024-03-04, 193 ,8,28.09,34.05,0,0,28.44,Intermediate,Meat,31.66
2024-03-28,230,7,22.69,67.11,3,0,38.57,Intermediate,Fruit,35.94
2024-07-03,329,10,25.04,64.84,2,0,19.72,Intermediate, Meat ,36.4
2024-02-16,259,9,17.38,57.84,4,0,39.51,Intermediate,Dairy,50.62
2024-07-03,260,7,24.53,65.02,2,0,27.89,Intermediate,Meat,41.87
2024-05-14,289,5,15.2,70.13,1,0,45.67,Intermediate,Dairy,58.6
2024-01-07,191,,14.8,53.24,6,0,28.84,Intermediate,Dairy,36.14
2024-04-26, 277 ,,26.31,63.08,4,1,35.25,Intermediate,Fruit,44.49
2024-02-02,363, 9 ,22.18,64.34,4,0,45.16,,Grains,52.95
2024-11-02, 162 ,4,22.78,46.18,5,0,,INTERMEDIATE,Grains,31.12
2024-12-14,395,7,17.88,55.77,5,0,32.95,Intermediate,Vegetables,55.28
2024-08-06,129,8,26.61,67.39,1,0,,Intermediate,Fruit,30.9
2024-11-24,296,6,19.82,36.84,6,0,26.26,Beginner,dairy,31.61
2024-09-29,372,4,25.79,69.06,6,0,46.06,Beginner,Fruit,52.0
2024-02-19,389,8,27.01,37.12,0,0,33.09,Expert,Grains,47.68
2024-08-12,296, 7 ,21.83,76.67,0,0,26.37,Intermediate,Fruit,43.13
2024-06-10,309,6,15.94,62.96,0,0,25.49,Intermediate,Vegetables,43.88
2024-08-26,322, 6 ,20.05,87.37,0,0,13.08,expert,Meat,41.54
2024-01-23,463,11,23.15,57.58,1,0,28.63,Intermediate,Vegetables,40.6
2024-12-16,245,11,19.57,56.05,0,0,44.16,Expert,Dairy,41.89
2024-02-27,289,15,18.66,38.07,1,0,34.68,Intermediate,Fruit,37.0
2024-08-09,141,6 staff,25.23,46.44,4,0,,Expert,Meat,27.88
2024-07-07,242,9,22.31,56.24,6,0,6.55,Beginner,Grains ,19.74
2024-02-17,274,6,17.98,42.89,5,0,37.4,Intermediate,Fruit,45.0
2024-07-17,182,8,23.85,53.11,2,0,41.26,Intermediate,dairy,36.04
2024-05-27,241,6,23.05,54.27,0,0,17.53,Expert,VEGETABLES,30.14
2024-05-27,177,9,21.21,50.36,0,0,31.83,Expert,Grains,28.98
2024-10-07,236,11,22.51,74.21,0,0,28.17,Beginner,Fruit,38.81
2024-10-03,308,6,26.8,68.84,3,0,35.07,Intermediate,Grains,53.53
2024-12-02,267,7.0,28.65,54.43,0,0,,Beginner,Meat,43.11
2024-06-07,200,8,,51.01,4,0,35.38,INTERMEDIATE,Meat,35.47
2024-10-01,200,,34.56,56.28,1,0,12.18,Expert,Meat,31.8
2024-12-07,358,7,31.08,25.52,5,0,46.16,Expert,Dairy,52.01
2024-04-27,265,11,22.59,62.71,5,0,35.27,BEGINNER,Vegetables,38.81
2024-10-16,387,staff: 9,9.31,45.96,2,0,20.72,Expert ,Grains,37.53
2024-10-21,,6,24.81,62.83,0,0,31.27,Beginner,Grains,34.53
2024-03-16,263,5,25.85,65.48,5,0,28.53,Intermediate,Meat,42.09
2024-02-11,329,8,23.03,39.3,6,0,40.96,Expert,Fruit,40.35
2024-03-06,368,3,22.53,56.51,2,0,49.26,Expert,Meat,58.63
2024-05-31,227,8,15.13,58.34,4,0,,Intermediate,Dairy,43.07
2024-06-17,179,10,17.04,60.5,0,0,37.9,Beginner,Grains,44.41
2024-05-20,225,9,22.99,44.96,0,0,26.82,Intermediate,Meat,38.57
2024-01-23,"267,",10,,62.07,1,0,15.63,Intermediate,Dairy,35.61
2024-11-17,309,8,15.02,70.91,6,0,,,Dairy,51.1
2024-06-26,202,11,27.33,54.79,2,0,26.47,Intermediate,Dairy,38.57
2024-10-05,206,8,22.73,41.17,5,0,39.0,Intermediate,Grains,49.15
2024-11-02,287,staff: 4,12.5,60.78,5,0,36.01,Intermediate,Meat,49.67
2024-02-04,352,6,14.18,61.84,6,0,20.12,Intermediate,Vegetables,42.15
2024-10-29,443,,20.29,50.41,1,0,30.93,Intermediate,Grains,45.56
2024-01-16,316,8,18.43,54.36,1,0,55.55,,Vegetables,46.79
2024-12-16,,14,21.74,51.71,0,1,19.71,INTERMEDIATE,Grains,37.8
2024-09-28,290,5,20.35,71.76,5,1,34.21,Expert,Grains,45.47
2024-08-17,180,9,32.45,57.47,5,0,15.98,EXPERT,Meat,34.6
2024-02-20,305,8,18.47,49.37,1,0,,Intermediate,vegetables,37.97
2024-10-31,119,6,-10.0,44.69,3,0,27.86,Intermediate,Meat,35.02
2024-02-21,188,,22.11,62.05,2,0,31.03,Beginner,Dairy,42.14
08/12/2024,320,10,19.53,64.78,6,0,17.78,Intermediate,Dairy,41.38
2024-10-12,230,12,18.44,60.37,5,0,23.38,,Vegetables,29.14
2024-06-03,176,6,22.64,69.7,0,0,29.57,Intermediate,Fruit,28.93
2024-03-01,228,10,20.93,54.83,4,0,11.34,Expert,DAIRY,34.27
2024-09-25,301,5,,51.5,2,0,15.68,Intermediate,Vegetables,44.06
2024-02-02,218,10,15.93,40.93,4,0,23.59,BEGINNER, Meat ,38.14
2024-10-16,295,13,24.64,66.05,2,0,49.09,Expert,Dairy,52.63
2024-03-11,"275,",8,29.49,87.35,0,1,21.33,Intermediate,Vegetables,38.0
2024-07-15,222,9,18.28,50.3,0,0,23.61,Intermediate,Fruit,29.44
2024-10-19,286,11,26.8,40.61,5,0,34.77,Intermediate,Grains ,36.86
2024-05-06,115,11,20.96,52.85,0,0,33.14,Intermediate,Vegetables,25.07
2024-09-05,305,10,22.08,59.79,3,1,25.99,Beginner,Dairy,46.61
2024-07-18,271,7,13.94,59.74,3,0,,Intermediate,Vegetables,45.02
2024-06-16,341,5,17.0,57.75,6,0,23.55,Beginner,Grains,41.9
2024-11-28,249,7,-10.0,71.21,3,0,34.56,Expert,Vegetables,39.08
2024-10-16,287,9,21.11,73.73,2,0,34.31,Beginner,Dairy,50.96
2024-06-08,310 meals,12,24.97,56.39,5,1,24.03,Expert,Grains,42.19
2024-01-25,289,13,19.81,52.64,3,0,,Intermediate,Vegetables,40.08
2024-06-22,395,10,19.53,52.27,5,0,26.88,Beginner,Grains,49.27
2024-09-20,"282,",10,29.19,71.94,4,0,22.77,Intermediate,Grains,32.47
2024-04-13,131,,31.03,54.33,5,0,39.3,Expert,Vegetables,33.6
2024-01-06,103,8,18.11,81.02,5,0,,,Meat,34.07
2024-03-25,196,7,22.25,78.04,0,0,39.34,Expert,Fruit,33.34
2024-01-08,306,4,23.03,46.15,0,0,24.98, Intermediate ,Fruit,33.77
2024-10-02,330,6,22.26,51.61,2,1,,Intermediate,Dairy,49.12
2024-05-29,195,6,25.69,46.1,2,0,41.3,Expert,Meat,39.71
2024-12-05,287,11,12.21,40.2,3,0,38.02,Expert,Vegetables,38.94
2024-01-14,354,staff: 4,19.51,54.82,6,0,35.76,Expert,Fruit,41.6
2024-11-13,298,9,22.48,52.18,2,0,25.05,Expert ,Grains,38.38
2024-11-29,252,9,25.83,58.87,4,0,23.67,Intermediate,Meat,41.03
2024-01-18,100,7,29.41,71.5,3,1,40.82,Intermediate,Dairy,44.65
2024-11-12,319,8,17.04,90.0,1,0,29.55,Beginner,Vegetables,35.39
2024-07-14,333,8,20.79,64.09,6,0,32.49,Intermediate,Grains,50.89
2024-07-02,124,4,18.26,45.9,1,0,20.1,Intermediate,Grains,27.01
2024-06-09, 148 ,6,27.56,62.7,6,0,36.05,Beginner,Grains ,53.86
2024-04-28,181,12,21.27,57.3,6,0,36.78,Expert,Fruit,29.27
2024-08-05,287,7,21.16,74.45,0,0,,,Meat,37.4
2024-02-09,333,9,22.24,62.45,4,0,20.44,BEGINNER,Grains,41.15
2024-11-09,370,,,62.65,5,0,40.95,Expert,Vegetables,56.64
2024-09-13,297,6,18.81,66.73,4,0,37.21,Intermediate,Dairy,50.8
2024-08-03,310,12,24.71,77.82,5,0,38.11,Beginner,Dairy,52.57
2024-02-10,247,5,23.94,50.27,5,1,16.22,Intermediate,Grains,31.29
2024-08-18,293,9,14.07,60.87,6,1,24.95,Intermediate,Meat,43.43
2024-03-12,320,7,20.67,50.85,1,0,30.79,Beginner,Vegetables,45.66
2024-02-04,185,8,25.58,45.24,6,0,32.93,Intermediate,Dairy,33.33
2024-08-08,285,staff: 8,17.25,34.77,3,0,35.9,Beginner,Meat,46.81
2024-08-20,276,12.0,28.62,57.74,1,1,37.74,Beginner,Dairy,52.79
2024-12-17,325 meals,7,,55.18,1,1,,Intermediate,Fruit,45.68
2024-11-07,157,7,31.91,56.84,3,1,34.95,Intermediate,Meat,45.44
2024-08-25,263,5,20.16,73.18,6,1,22.32,Intermediate,Fruit,38.24
2024-12-09,194,6,29.42,70.18,0,0,40.44,Intermediate,Vegetables,43.22
2024-11-16,283,,24.45,77.43,5,0,31.93,beginner,Fruit,33.74
2024-12-12,253,4,22.09,64.63,3,1,29.47,Intermediate,Grains,38.49
2024-10-31,,10,28.48,41.27,3,0,27.02,Beginner,Dairy,27.01
2024-11-04,233,7,24.62,46.41,0,0,17.03,Expert,Dairy,27.23
2024-08-26,268,6,22.0,57.61,0,1,40.65,Beginner,Vegetables,52.6
2024-06-07,308,9,23.88,56.83,4,0,32.52,,Meat,53.0
2024-09-25,378,11,25.75,55.74,2,0,22.94,Intermediate,MEAT,47.17
2024-03-30,220 meals,8,19.38,62.29,5,0,17.97,Expert,Vegetables,20.75
2024-02-18,241,7,25.67,54.83,6,0,44.47,Beginner,DAIRY,50.55
2024-10-07,311,,22.13,43.45,0,0,30.66,Intermediate,Vegetables,42.3
2024-06-09,323,11,25.31,60.39,6,0,41.02,Intermediate,Dairy,45.0
2024-11-06,165,6,24.81,26.89,2,0,31.88,Intermediate,Grains,38.01
2024-04-25,144,6,26.07,72.02,3,0,16.6,BEGINNER,Fruit,34.75
2024-06-01,"261,",12,30.1,71.55,5,0,,Intermediate,Grains,38.51
2024-04-26,288,8,32.22,71.32,4,0,17.26,Expert,Dairy,33.61
2024-04-27,1200,8,22.86,67.25,5,0,6.61,Expert,Dairy,29.2
2024/04/25,279,,15.5,58.79,3,0,32.0,Expert,Grains,37.45
2024-12-20,127,13,22.61,54.14,4,0,28.07,Beginner,Meat,39.11
2024-01-11,296, 10 ,27.42,60.63,3,0,34.33,Expert,Meat,49.73
2024-02-09,204, 7 ,29.93,77.46,4,0,21.99,Beginner,Meat,47.04
2024-08-20,219,8,17.62,81.98,1,0,35.15,BEGINNER,Dairy,39.55
2024-07-30,,7,13.15,57.59,1,0,39.43,Beginner,Dairy,42.67
2024-06-23,157,12,17.75,52.22,6,0,12.4,,Meat,22.47
2024-07-09,257,12,20.89,59.75,1,0,28.56,Intermediate,Meat,40.09
2024-12-11,281,6,32.85,57.2,2,0,30.07,Intermediate,Grains,43.49
2024-04-17,196,9.0,26.63,55.93,2,0,35.76,Beginner,Fruit,29.44
2024-11-26,263,10,21.35,46.66,1,0,32.4,Expert,Fruit,26.05
2024-08-06,242,7,25.74,75.41,1,0,22.1,Expert,Fruit,24.33
2024-02-07,188,6,22.06,62.92,2,0,26.45,Expert,Grains,32.85
2024-10-12,267,9,,70.66,5,0,21.96,Intermediate,Dairy,42.09
2024-09-18,294,11,26.78,61.78,2,0,26.69,Beginner,Grains,35.29
2024-11-25,171,9,28.61,75.83,0,1,23.24,Intermediate,Grains,26.36
2024-01-14,174,8 staff,21.86,63.99,6,0,43.85,Expert,Grains ,50.27
2024-06-15,"318,",10,14.31,47.83,5,1,37.32,Intermediate,Vegetables,51.47
2024-01-23,234,10,20.61,49.54,1,0,,Intermediate,Grains,27.84
2024-07-09,190,10,14.72,49.69,1,1,49.99,Intermediate,Meat,54.79
2024-09-12,342,7,9.87,79.65,3,0,41.18,Beginner,Dairy,56.94
2024-03-05,258,8,20.45,49.51,1,0,30.74,Beginner,Vegetables,39.18
2024-02-25,395,10,21.48,55.51,6,0,,Intermediate,Meat,50.03
2024-05-25,,7,30.96,39.94,5,0,28.12,Intermediate,Grains,36.34
09-04-2024,240,6,22.73,64.35,2,1,23.24,Beginner,Grains,35.93
2024-02-26,274,13,30.41,56.63,0,0,27.33,Intermediate,Vegetables,43.2
2024-09-25,241 meals,8,22.0,70.11,2,0,17.6,Expert,Grains,34.44
2024-07-22,231, 9 ,19.31,65.7,0,0,,Intermediate,Meat,42.15
2024-07-27,285,5,33.3,81.91,5,1,35.55,Beginner,Dairy,58.94
2024-06-14,299,7,25.09,60.34,4,1,38.3,Intermediate,Dairy,55.23
2024-12-15,359,6,60.0,51.47,6,0,18.91,Intermediate,Dairy,37.45
2024-01-15, 216 ,10,18.48,68.85,0,0,20.56,Beginner,Meat,43.07
2024-03-22,292,8,23.39,76.03,4,1,33.22,Intermediate,Grains,45.87
2024-03-01,293,9,22.59,57.86,4,0,,Beginner,Fruit,44.55
2024-08-26,89,8,27.68,74.25,0,0,46.36,Intermediate,Vegetables,36.29
2024-02-01,281,8,24.14,58.59,3,1,25.32,Intermediate, Meat ,39.39
2024-09-02,275,9,20.69,65.32,0,0,31.32,,Dairy,34.5
2024-12-29,"282,",5,26.58,56.57,6,0,30.79,Beginner,Vegetables,52.3
2024-09-22,195,11,25.64,55.07,6,0,17.26,Expert,Dairy,32.79
2024-09-10,267,9,21.1,76.64,1,1,48.4,Intermediate,Vegetables,51.89
2024-09-02,150,12,9.88,71.19,0,0,15.83,Beginner,Meat,37.05
 2024-06-21 ,351, 8 ,24.24,64.32,4,1,28.6,Expert,Vegetables,42.07
2024-04-09,304,6,24.04,49.9,1,0,,Beginner,Grains,42.26
2024-12-11,264,9,18.82,52.59,2,0,39.4,Expert,Dairy,44.85
2024-10-27,299,6,27.5,70.65,6,0,21.1,Beginner,Dairy,45.64
2024-01-06,216,7,,55.07,5,1,19.26,Expert,GRAINS,40.49
2024-02-24, 128 ,7,23.35,53.75,5,0,,Expert ,Meat,33.31
2024-02-02,374,9,23.1,47.34,4,0,36.13,Expert,Vegetables,47.95
2024-10-16,229,7,20.76,71.64,2,0,37.3,Expert,Dairy,37.7
2024-12-29,306,9,30.16,31.57,6,0,43.94,INTERMEDIATE,Grains,53.7
2024-10-17,,13,22.32,60.44,3,1,26.5,Beginner,Grains,54.9
2024-12-01, 352 ,8,30.35,59.23,6,0,32.8,,Fruit,43.21
2024-08-08,183,6,20.2,75.27,3,0,35.78,Beginner,Meat,46.96
2024-03-03,196,10,23.23,47.96,6,0,32.9,Beginner,Meat,40.78
2024-09-04,343,3,24.56,47.42,2,0,37.91,Beginner,Dairy,48.05
2024-08-23,330,6,21.17,59.69,4,1,19.4,Beginner,dairy,44.22
2024-12-17, 271 ,3,27.33,60.96,1,0,28.08,Expert,Fruit,29.38
2024-04-13,230,6,18.67,52.69,5,0,31.41,Expert,Fruit,37.63
2024-11-21, 218 ,7,25.23,33.96,3,0,27.16,Intermediate,Dairy,33.16
2024-10-11,262,3,,105.0,4,0,23.13,Expert,Meat,48.62
2024-03-01,254,9,11.92,60.35,4,1,,Beginner,Meat,60.44
2024-01-16,"275,",3,18.32,35.85,1,0,,Beginner,Meat,44.72
2024-09-11,288,13,26.79,63.57,2,0,40.46,Beginner,Vegetables,49.97
2024-06-13,384,8,28.5,70.23,3,0,27.47,Expert,Meat,45.16
2024-06-09,403,12,16.09,60.26,6,0,31.08,Beginner,Vegetables,48.71
2024-09-09,439,8,14.89,61.44,0,1,39.58,Intermediate,Meat,62.48
2024-09-20,327,7,29.36,67.16,4,0,32.75,Intermediate,Vegetables,44.15
2024-06-17,298,11,,62.07,0,0,33.27,Intermediate,Meat,46.74
2024-06-29,112,9,32.57,75.85,5,1,25.35,Expert,Vegetables,38.6
2024-08-27,270,8,19.33,47.55,1,0,31.45,,Grains,46.46
2024-07-03,218 meals,4,23.9,83.44,2,0,20.94,Beginner,Fruit,38.98
2024-12-20,126,10,28.85,56.74,4,0,29.53,Beginner,Vegetables,32.95
2024-04-19,315, 5 ,15.64,74.93,4,0,,Intermediate,FRUIT,42.47
2024-10-28,220,4.0,19.24,65.84,0,0,41.6,Intermediate,Dairy,49.73
2024-07-04,270,6,18.28,69.86,3,0,36.36,Intermediate,Fruit,33.27
2024-04-10,310,9,18.88,65.8,2,1,33.8,BEGINNER,dairy,57.06
2024-02-04,225,5,26.58,68.18,6,0,-5.0,Intermediate,Meat,46.68
2024-06-06,252,5,18.59,60.5,3,0,40.44,Intermediate,Fruit,35.1
2024-04-13,283,8,13.82,71.78,5,0,34.49,EXPERT,Fruit,43.27
2024-12-04,340,10,23.35,46.51,2,0,37.67,Beginner,Fruit,36.66
2024-02-19,143,5,23.58,55.55,0,0,40.12,Intermediate,Meat,45.39
2024-12-18,157,8,24.92,37.19,2,0,20.24,Intermediate,Dairy,21.69
2024-11-06,345,7,23.22,49.5,2,0,38.41,beginner,Grains,48.91
2024-05-04,176,9,28.1,46.52,5,0,31.9,Intermediate,Dairy,38.68
2024-01-06,321,6 staff,26.96,55.19,5,0,24.49,Expert,Dairy,41.98
2024-11-03,162,9,22.61,72.72,6,1,38.77,,DAIRY,45.94
2024-12-02,"256,",11,24.88,39.69,0,0,32.68,Intermediate,meat,37.92
2024-11-03,107,7,27.34,72.26,6,0,37.61,Expert,Vegetables,41.0
2024-11-03,279,11,20.37,63.9,6,0,29.07,Beginner,FRUIT,40.1
2024-07-02,354,9,21.58,62.42,1,0,18.25,Intermediate,Grains,41.01
2024-05-19,151,,20.42,51.23,6,0,10.95,Expert,Fruit,19.58
2024-12-16,334,11,11.82,74.33,0,0,23.93,Beginner,Fruit,44.89
2024-04-10,256,9,24.27,52.08,2,0,36.05,Intermediate,Dairy,43.07
2024-04-02,196,13,18.67,61.77,1,0,35.44,Expert ,Dairy,42.41
2024-09-30,368,11,20.45,70.32,0,0,31.87,Expert,Fruit,37.25
2024-08-04,376,11,26.2,71.61,6,0,26.7,Intermediate,Vegetables,44.57
2024-11-22,255, 4 ,17.78,65.3,4,1,14.55,Intermediate,Fruit,33.66
2024-05-01,"393,",8,20.81,48.62,2,0,31.21,Intermediate,Fruit,48.22
2024-06-30,249,,15.39,42.12,6,0,26.76, Intermediate ,Dairy,41.97
2024-05-21,351,11,15.22,42.63,1,0,22.67,Beginner,Vegetables,40.61
2024-06-19,121,7.0,28.71,44.26,2,0,,Expert,Vegetables,20.0
2024-04-11,290,6,18.16,62.65,3,0,27.04,Intermediate,Grains,37.81
2024-01-26,284,6,36.66,52.2,4,0,25.69,,Grains,35.59
2024-09-12,316 meals,8,24.52,63.97,3,0,30.12,Beginner,Vegetables,44.96
2024-07-13,164,12,22.94,48.42,5,0,40.49,Intermediate,Grains,38.89
2024-05-05,216,8,25.13,50.49,6,0,40.07,Intermediate,Grains ,40.96
2024-06-15,248,8,23.06,66.59,5,0,20.57,Beginner,Vegetables,28.77
2024-01-06,244,5,17.3,73.66,5,0,26.31,Beginner,Vegetables,38.45
2024/05/12,279,,25.1,50.57,6,0,22.01,Expert,Meat,48.3
2024-11-30,301,7,28.9,63.06,5,1,34.49,,Vegetables,49.0
2024-01-20,251,6,20.61,59.59,5,0,28.74,Expert,meat,39.44
2024-01-28,179,10,31.91,69.13,6,0,24.33,Expert ,Meat,38.71
2024-12-01,249,7,22.02,78.57,6,1,,Intermediate,Vegetables,55.03
2024-07-16,251,10,22.71,51.82,1,0,23.14,Intermediate,Meat,37.68
2024-09-06,334,5,31.97,75.28,4,0,20.94,Intermediate,Meat,48.95
2024-09-11,379,6,21.84,58.06,2,0,32.15,Expert,Fruit,37.35
2024-01-12,292,9,23.05,57.31,4,0,29.03,beginner,Fruit,43.47
2024-02-03,328,,16.23,69.9,5,0,29.71, Intermediate ,Grains,48.55
2024-12-09,197 meals,7,21.4,48.8,0,0,37.0,Intermediate,dairy,36.61
2024-06-11,262,,14.44,53.9,1,0,28.41,,Meat,46.68
2024-10-14,262,9,21.72,77.53,0,1,36.46,BEGINNER,Vegetables,48.61
2024-12-17,315,10,28.28,54.85,1,1,,Expert ,VEGETABLES,34.15
2024-01-21,267,4,28.6,64.8,6,0,37.0,Intermediate,Meat,46.65
2024-12-19,206,6.0,27.05,70.31,3,0,42.55,expert,Grains,42.04
2024-04-15,161,10,18.95,54.66,0,0,31.33,Expert,Meat,35.44
2024-10-24,282,6,23.28,71.75,3,0,24.18, Intermediate ,Fruit,25.2
2024-10-14,329,10,19.91,62.46,0,0,21.02,beginner,Grains,37.45
2024-07-21,263,7,26.17,60.6,6,1,39.86,Beginner,Vegetables,39.42
2024-04-24,444,7,17.31,61.81,2,0,33.03,Expert,Dairy,50.32
2024-10-14,270,8,16.48,38.07,0,0,18.54,Expert,Grains,20.83
2024-06-16,157,9,25.86,55.92,6,0,27.03,Intermediate,Vegetables,32.86
2024-09-06,278,9,23.92,73.96,4,0,21.94,Expert,Grains,30.38
2024-12-30,374,8,26.45,67.09,0,0,8.2,INTERMEDIATE,Vegetables,34.98
2024-05-01,267,8,21.66,67.37,2,1,30.99,Expert,Vegetables,37.51
2024-12-11,281,6,32.26,57.2,2,0,30.07,Intermediate,Grains,43.49
2024-09-15, 345 ,9,24.94,40.58,6,0,26.06,Intermediate, Meat ,42.34
2024-01-16,199,10,27.07,45.56,1,0,41.32,Intermediate,Grains,46.72
2024-10-20,173,11,22.68,50.14,6,1,45.09,Intermediate,Fruit,36.49
2024-06-07,312,8,19.57,51.42,4,0,38.35,expert,Meat,48.92
2024-09-07,126,11,15.61,59.23,5,0,32.17,Intermediate,VEGETABLES,27.02
2024-08-03,241,10,25.93,64.99,5,0,36.15,,Dairy,49.08
2024-11-08,202,5,37.29,63.73,4,0,34.89,Beginner,Dairy,48.97
2024-08-01,200,8,20.3,58.93,3,0,31.97,Beginner,Dairy,37.4
2024-01-04,1200,7,16.22,48.33,3,0,49.49,Intermediate,Grains,38.45
2024-12-30,247,12,24.79,65.09,0,0,29.42,Beginner,fruit,48.16
2024-11-25,269,9,28.07,40.6,0,0,47.43,Intermediate,Vegetables,50.07
2024-09-03,332,9,,57.48,1,0,32.14,Intermediate,Dairy,49.35
2024-12-12,269,8,25.16,55.52,3,0,39.59,Expert,Fruit,29.36
2024-10-09,,3,25.03,63.12,2,0,39.05,Beginner,Grains,41.33
2024-11-21,358,10 staff,30.34,60.75,3,0,31.29,Intermediate,Meat,52.5
2024-09-19,363,8,12.99,64.84,3,1,30.51,Intermediate,Grains,53.2
2024-04-05,,9,18.33,44.23,4,0,35.77,Expert,Grains,35.84
2024-05-06,285,10.0,25.2,49.55,0,1,37.69,Intermediate,Dairy,46.62
2024-02-21, 233 ,10,18.18,41.08,2,1,27.28,Intermediate,Meat,39.65
2024-06-24,102,4,,41.54,0,0,30.97,Intermediate,Dairy,27.47
2024-02-21,367,10,22.31,68.71,2,0,18.28,Intermediate,Meat,51.99
2024-12-03,218,10,23.98,50.06,1,0,35.14,,Dairy,50.32
2024-02-04,295,6,18.38,72.24,6,0,27.56,EXPERT,Dairy,42.24
2024-01-16,1200,8,17.83,69.09,1,0,,Beginner,Vegetables,47.5
2024-10-05,"310,",6,14.19,51.04,5,0,18.26,BEGINNER,Grains,43.14
2024-08-02,241,9,17.91,41.65,4,0,29.83,,Grains,31.64
2024-03-10,166,11,,47.23,6,0,17.01,EXPERT,Meat,32.38
2024-11-23,213,9,28.74,57.68,5,0,29.38,Expert,Dairy,47.41
10-13-2024, 333 ,11,17.78,32.98,6,0,35.64,,Grains,48.12
2024-07-21,414,3,26.79,75.74,6,0,22.87,Intermediate,Meat,49.3
2024-06-10,115,3,14.31,56.02,0,0,22.03,Expert ,Vegetables,37.67
2024-07-06, 272 ,7,20.9,40.53,5,1,27.23,Beginner,Dairy,40.14
2024-07-09, 229 ,8,22.53,50.24,1,0,,BEGINNER,Meat,43.84
2024-08-29,,8,24.52,56.85,3,1,25.13,beginner,meat,35.54
2024-12-26,258,12,18.48,69.07,3,1,29.13,Intermediate,Meat,46.66
2024-07-07,227,4,20.89,44.54,6,0,32.71,Expert,Grains,25.11
2024-12-20,206,10,18.3,26.71,4,0,,Intermediate,FRUIT,29.26
2024-07-25,225,,20.44,44.44,3,1,29.43,Intermediate,Dairy,38.11
2024-12-19,192,8,,71.5,3,0,39.53,Beginner,Meat,39.81
2024-05-05,257,,25.08,65.03,6,0,39.87,Beginner,Dairy,41.85
2024-03-23,339,,17.72,57.49,5,0,,BEGINNER, Meat ,48.16
2024-08-17,357, 9 ,27.91,76.15,5,0,36.53,Intermediate,Fruit,49.51
2024-11-18,348,9,27.23,54.83,0,0,40.69,Intermediate,Dairy,52.72
2024-02-28,286,3,21.9,69.86,2,0,35.13,EXPERT,Grains,50.25
2024-08-19,271,9,24.68,62.59,0,0,29.82,Beginner,Meat,42.78
2024-07-12,184,11,20.08,67.13,4,0,45.13,EXPERT,Grains,39.55
2024-07-30,305 meals,10,23.33,64.91,1,0,30.78,Beginner,Dairy,46.92
2024-06-19,211,9,27.42,35.06,2,0,12.61,Expert,Dairy,24.51
2024-03-03,301,8.0,,45.97,6,0,35.86,Beginner,Meat,49.55
2024-07-26,"260,",9,24.81,34.6,4,1,37.91,Intermediate,Meat,45.72
2024-08-25,214,10,31.8,32.51,6,0,19.43,Expert,Vegetables,22.41
2024-10-08,232,5,12.07,50.71,1,0,,Intermediate,Dairy,50.16
2024-09-14,172,8,23.9,51.24,5,0,27.22,Beginner,Vegetables,27.53
2024-07-13,151,10 staff,17.76,57.91,5,0,18.77,Intermediate,Vegetables,25.1
2024-12-29,235,12,8.65,55.11,6,0,180.0,Beginner,Dairy,38.36
2024-07-12,268,6,21.61,43.95,4,0,180.0,Intermediate,Vegetables,33.23
2024-07-01,246,7,26.73,52.18,0,0,29.17,Beginner,Vegetables,49.75
2024-06-30,164,3,23.2,57.09,6,0,25.98,Intermediate,Meat,37.23
2024-07-08,263,4,21.37,56.49,0,0,,Intermediate,Grains,50.01
2024-07-04,272,8,19.68,73.47,3,0,19.32,Beginner,Fruit,40.36
2024-10-17,120,3,21.35,58.26,3,0,32.61,Beginner,Fruit,35.69
2024-11-09,316,14.0,14.14,51.54,5,0,35.11,Intermediate,DAIRY,40.84
2024-01-02,303,9,17.47,81.98,1,0,16.86,Expert ,Grains,41.73
2024-06-11,259,5,22.72,-10.0,1,0,18.85,Expert,Dairy,31.51
2024-10-26,310,9,22.06,76.61,5,1,41.82,Expert,Grains,47.53
2024-09-05,126,9,9.53,68.52,3,0,29.2,Intermediate,Grains,40.33
2024-01-03,293,8,22.53,50.22,2,1,48.83,Intermediate,Vegetables,50.28
2024-07-02,"220,",8,17.71,68.73,1,0,18.47,,Fruit,19.0
2024-05-13,395, 11 ,18.27,46.06,0,0,29.5,Expert,Meat,45.17
2024-06-26,205,9,60.0,31.3,2,0,34.65,Expert,Vegetables,30.95
2024-12-17,286,,24.56,67.55,1,0,42.1,Intermediate,fruit,48.55
2024-04-08,313,10,24.2,60.44,0,0,28.34,Expert,Grains,39.69
2024-12-15,388,7,26.27,90.0,6,0,14.09,Intermediate,Meat,41.19
2024-04-22,260,3,19.86,65.49,0,1,32.12,Intermediate,GRAINS,46.27
2024-03-14,350,10,26.52,57.36,3,0,24.04,Beginner,Grains,45.58
2024-11-07,322,12,17.54,81.94,3,0,42.48,Expert,Grains,47.49
2024-03-30,169,3,18.22,38.25,5,0,25.9,Expert,Vegetables,23.06
2024-05-16,274,10,17.08,62.72,3,0,,Intermediate,VEGETABLES,44.54
2024-01-03,220,7,23.25,63.41,2,0,18.34,,Vegetables,31.26
2024-03-30,398,11,21.41,61.78,5,0,36.65,Intermediate,Vegetables,45.15
2024-01-31,"297,",11,17.75,78.26,2,0,36.71,Intermediate,Dairy,48.34
2024-12-30,143,4,22.14,51.56,0,0,19.78,,Grains,24.16
2024-03-06,239,,,54.43,2,0,30.2,Expert ,Grains,32.83
2024-02-13,,10,27.68,36.71,1,0,29.61,expert,Grains,54.76
2024-07-16,378,11,28.63,51.47,1,1,25.92,Expert,Meat,49.44
2024-08-02,308,5,,40.58,4,0,35.24,Beginner,fruit,39.7
2024-02-04,176,9,24.24,54.26,6,1,21.7,Intermediate,vegetables,33.68
2024-04-14,233,6,25.52,64.27,6,1,33.26,Expert,VEGETABLES,39.62
2024-12-13,200, 8 ,,48.78,4,0,36.38,Beginner,Meat,29.9
2024-06-22,309,5,,65.1,5,0,,BEGINNER,dairy,47.05
2024-02-22,182,8,,45.27,3,0,37.38,Intermediate,Meat,36.79
2024-06-12,"355,",10,22.73,51.28,2,0,7.14,beginner,Fruit,32.44
2024-12-23,290,staff: 7,24.23,68.6,0,0,32.42,Intermediate,Meat,51.3
2024-02-25,323,5,23.15,63.63,6,0,45.76,Beginner,Vegetables,55.91
2024-02-26,195,7,,52.56,0,0,29.12,Beginner,FRUIT,39.95
2024-03-26,165,9,26.9,50.18,1,0,38.0,Intermediate,Vegetables,37.19
2024-11-15,,7,21.8,60.05,4,0,43.67,Intermediate,Grains,53.62
2024-05-28,178,6,23.17,56.01,1,0,32.79,Beginner,Dairy,38.74
2024-02-03, 341 ,9,17.83,55.47,5,0,,,Grains,45.01
2024-09-21,161,11,,51.62,5,0,28.58,Intermediate,Grains,34.95
2024-02-13,368,7,17.9,24.66,1,0,19.5,,Meat,39.59
2024-06-04,285,7,19.76,53.16,1,0,39.42,Intermediate,Meat,49.89
2024-12-28,208,14,14.42,61.5,5,0,45.69,Intermediate,Meat,51.35
2024-08-25,357,11,25.71,67.57,6,0,22.47,Beginner,Vegetables,45.41
2024-10-26,264,4,28.65,67.61,5,0,35.16,Beginner,Meat,55.17
2024-11-23,287,13,24.06,72.9,5,1,,Intermediate,Fruit,42.22
2024-12-14,204,8,12.41,36.27,5,0,41.82,Beginner,Grains ,45.72
2024-06-11,186,8,14.47,79.74,1,0,24.38,Beginner,Fruit,41.76
2024-06-01,298,10,,66.34,5,0,36.08,,dairy,46.24
2024-01-08,224,10,21.15,20.0,0,1,33.87,Intermediate,Meat,42.62
2024-02-28,,8,31.95,72.11,2,1,25.88,Expert,Grains ,35.74
2024-04-10,319,9,24.9,72.29,2,0,43.33,Beginner,Grains,52.27
2024-08-03,335,13,24.56,59.65,5,1,29.56,Intermediate,Vegetables,45.3
2024-11-07,230,,22.74,76.86,3,0,20.01,INTERMEDIATE,Fruit,32.05
2024-09-26,205,4,28.08,56.65,3,0,26.36,,Meat,37.91
2024-12-21,277 meals,6,29.52,66.04,5,0,29.4,Beginner,Fruit,47.43
2024-06-22,220,5,19.28,55.35,5,0,42.1,Intermediate,VEGETABLES,44.21
2024-10-28,110,8,19.03,58.56,0,1,11.61,Beginner,Fruit,15.92
2024-09-11,318,9,26.16,54.7,2,0,32.47,Beginner,vegetables,53.76
2024-03-20,352,9,19.89,53.43,2,0,21.26,Expert,Dairy,33.15
2024-11-10,179,8,26.06,81.7,6,0,20.67,Expert, Meat ,34.19
2024-07-07,216,9,28.98,69.58,6,0,32.18,Intermediate,Grains,45.82
2024-11-21,471,6,20.6,52.31,3,0,26.65,Intermediate,Dairy,51.94
2024-02-14,285,4,26.98,65.28,2,0,30.37,Intermediate,Fruit,41.57
2024-09-01,251,5,35.35,59.56,6,0,20.48,Beginner,meat,38.22
2024-07-21,"293,",9,23.31,45.94,6,0,31.87,expert,Vegetables,29.01
11-06-2024,396 meals,7,25.89,66.22,2,1,24.09,Intermediate,Fruit,35.55
2024-04-19,199,6,21.36,75.03,4,0,24.64,Intermediate,Meat,40.4
2024-07-01,367,9,,47.26,0,0,45.31,Intermediate,Meat,57.79
2024-03-04,154,10,26.72,68.64,0,0,37.55,expert,Grains,48.39
2024-07-21,337,9,26.55,56.3,6,0,26.81,Expert,Grains,33.12
2024-12-16,168,8,21.68,72.87,0,1,34.72,Intermediate,Dairy,43.57
2024-05-29,320,9,19.17,69.22,2,0,40.93,Expert,Vegetables,51.84
2024-07-12,244,staff: 8,18.5,78.54,4,0,13.58,Expert,vegetables,31.41
2024-09-25,155,8,,54.21,2,1,26.1, Intermediate ,Dairy,33.8
2024-04-10, 256 ,7,17.08,81.08,2,0,51.21,Expert,vegetables,47.78
2024-04-23,265,11,22.87,68.42,1,1,24.34,Beginner,Grains,38.9
2024-09-09,305,6,23.13,58.29,0,0,29.29,Intermediate,Fruit,38.08
2024-01-08,296,9,22.67,79.09,0,1,27.63,Beginner,Grains,52.28
2024-02-08,280,9,21.26,82.89,3,0,21.76,,Dairy,35.54
2024-01-11,,8,20.25,60.21,3,0,30.18,Expert,Dairy,46.53
2024-12-21,171,5,16.34,62.55,5,0,43.6,Expert,Fruit,39.29
2024-03-01,374,7,20.83,61.9,4,0,17.51,EXPERT,VEGETABLES,34.97
2024-05-30,237, 7 ,15.93,60.99,3,0,30.1,Intermediate,VEGETABLES,34.8
2024-10-22,285,7,29.54,38.77,1,0,28.27,Beginner,Grains,41.95
2024-07-10,237,9,22.52,51.29,2,0,43.75, Intermediate ,Vegetables,37.84
2024-07-18, 289 ,10,22.72,73.55,3,0,29.4,Intermediate,Dairy,47.11
2024-09-18,168,5,23.74,44.97,2,0,25.82,Expert, Meat ,36.87
2024-08-05,245 meals,10,29.1,43.09,0,0,52.17,Beginner,Meat,54.81
2024-10-14,347,5,24.76,44.96,0,0,41.43,,vegetables,56.3
2024-09-25,362,8,23.95,60.1,2,0,25.81,Intermediate,Dairy,44.18
2024-09-01,,7,,62.77,6,0,27.92,Intermediate,Dairy,31.87
2024-10-26,216,6,24.58,58.06,5,1,30.13,Beginner,MEAT,52.94
2024-10-10,411,11,22.96,54.38,3,0,20.69,,Fruit,45.8
2024-07-25,275,7,23.04,59.64,3,0,41.19,Beginner,Grains,54.67
2024-03-30,337,11,18.97,70.31,5,1,41.72, Intermediate ,Vegetables,53.87
2024-08-12,371,9,29.4,78.47,0,0,44.75,Expert,Meat,49.05
2024-06-23,337,8 staff,27.14,65.69,6,0,28.23,Intermediate,Vegetables,48.47
2024-07-03,262,15,21.07,61.81,2,0,23.97,Beginner,Dairy,49.98
2024-08-24,86,11,24.34,55.68,5,0,32.83,Intermediate,Dairy,35.65
2024-07-23,262,8,21.26,48.08,1,0,14.3,Intermediate,Meat,32.4
2024-07-03,218 meals,4,23.9,83.44,2,0,20.94,Beginner,Fruit,38.98
2024-08-24,,8,20.76,55.55,5,0,,Intermediate,Grains,38.64
2024-11-12,1200,7,12.36,52.8,1,0,28.36,Expert,vegetables,24.82
2024-08-25,252, 7 ,18.17,41.86,6,0,27.66,Expert,Vegetables,31.71
2024-12-07,242, 6 ,21.93,66.09,5,1,35.86,Intermediate,Dairy,51.83
2024-01-09,309,9,20.79,55.75,1,0,39.24,Intermediate,Vegetables,45.37
2024-03-31,217,8,32.75,51.48,6,0,41.5,Expert,Vegetables,41.33
2024-04-15,410,8,27.22,75.56,0,0,37.39,EXPERT,Grains,52.03
2024-04-10,192,7,19.55,59.82,2,1,26.97,,GRAINS,39.88
2024-05-21,239,8,23.18,66.64,1,0,26.72,Expert,Grains,34.73
2024-12-07,294,9,22.63,43.45,5,0,33.93,Intermediate,Vegetables,43.24
2024-07-16,376,11,17.89,73.19,1,0,36.72,Intermediate,Grains,51.13
2024/01/25,158,6,10.91,55.41,3,0,34.77,Intermediate,Grains,43.81
2024-02-02,253,8 staff,23.23,69.11,4,0,32.8,Beginner,Vegetables,40.7
2024-01-06,430,12,27.27,58.15,5,0,20.06,Intermediate,Dairy,41.67
2024-11-04,278,6 staff,28.54,62.65,0,0,47.41,Intermediate,Meat,51.04
2024-09-30, 209 ,9,20.25,63.27,0,0,47.87,,FRUIT,48.04
2024-11-11,301,10,23.68,67.97,0,0,31.64,Intermediate,Grains,45.29
2024-11-23,314,10,23.53,55.02,5,0,42.16,Intermediate,Vegetables,54.94
2024-10-13,407,10,18.78,84.41,6,0,36.44,Intermediate,Meat,64.11
2024-04-09,304,6,23.8,49.9,1,0,,Beginner,Grains,42.26
2024-02-26,290,13,25.3,52.35,0,0,33.02,beginner,GRAINS,41.12
2024-04-18,222,8,,57.74,3,0,32.84,Beginner,Fruit,41.7
2024-02-07,98,9,27.24,38.76,2,0,16.18,BEGINNER,Grains,27.75
2024-07-02,114,7,23.34,64.8,1,0,29.45, Intermediate ,Meat,39.99
2024-03-14,290,5,17.32,60.13,3,0,21.67,Intermediate,Dairy,36.74
2024-10-08,229,4,11.3,38.57,1,0,28.31,,Fruit,34.23
2024-12-16,174,10,28.31,51.34,0,0,24.35,Beginner,Meat,43.44
2024-07-25,287,6,11.33,49.98,3,1,25.54,Intermediate,Vegetables,40.07
2024-04-11,308,11,24.99,40.15,3,0,18.79,Intermediate,meat,26.93
2024-08-06,333,9,21.66,62.66,1,0,31.5, Intermediate ,Fruit,48.77
2024-01-21,337,4 staff,10.81,47.27,6,0,38.69,EXPERT,Vegetables,46.94
2024-10-05,137,11,24.89,57.76,5,0,18.16,Intermediate,Vegetables,28.51
2024-06-07,,10,24.34,46.21,4,1,34.66,Intermediate,Dairy,41.92
2024-06-08,248,9,25.56,58.04,5,0,23.16,INTERMEDIATE,meat,42.98
2024-02-25,268,10,26.31,66.78,6,0,35.07,Expert,Meat,51.87
2024-07-03,,5,27.34,70.2,2,0,25.01,Expert ,DAIRY,37.3
2024-11-27,276 meals,8,26.04,50.46,2,0,,beginner,Dairy,45.85
2024-01-12,102,3,26.75,45.96,4,0,45.81,Expert,Dairy,32.14
2024-01-07,248, 11 ,17.74,57.9,6,0,30.47,Expert ,Dairy,48.89
2024-06-29,252,7,24.1,52.26,5,0,22.12,Intermediate,GRAINS,34.01
2024-06-20, 249 ,4,20.54,79.25,3,1,32.74,,Vegetables,47.3
2024-12-01,246,6,23.37,65.36,6,0,26.96,Beginner,Vegetables,43.97
2024-07-21,,10,,61.55,6,1,37.27,Beginner,vegetables,42.25
2024-05-12,285,7,23.98,66.14,6,0,14.65,,Meat,30.31
2024-08-15,"131,",4,26.42,47.15,3,0,,Beginner,Dairy,37.12
2024-03-27,220,7,22.17,78.57,2,0,13.87,Beginner,Dairy,21.07
2024-01-19,272,9,23.89,66.63,4,0,,Intermediate,Meat,35.62
2024-02-13,,10,27.68,36.71,1,0,29.61,expert,Grains,54.76
2024-06-04,359,5,21.07,63.67,1,0,27.65,Intermediate,Grains,39.8
2024-04-16,369,8,28.32,87.87,1,0,36.82,Expert,Grains,47.54
2024-06-14,216,6,19.56,43.64,4,0,32.67,INTERMEDIATE,Vegetables,31.69
2024-02-12,268,9,28.13,51.38,0,0,39.48,Beginner,Grains,47.91
2024-05-30,157,8,29.9,55.1,3,0,51.52,Expert,Vegetables,44.74
2024-02-07,214,8,,47.07,2,0,20.99,Expert,Meat,27.6
2024-03-14,269,12,25.94,51.05,3,0,53.28,INTERMEDIATE,Dairy,53.78
2024-09-10,,8,40.27,35.66,1,0,50.69,Expert,Fruit,46.66
2024-06-01,178,10 staff,19.22,76.33,5,0,19.59,Intermediate,Fruit,26.53
2024-07-18,232,8,19.37,61.9,3,0,21.1,Intermediate,Vegetables,31.81
2024-11-17,262,6,24.02,63.43,6,1,26.71,Beginner,Fruit,39.46
2024-05-12, 213 ,4,16.4,69.13,6,0,44.11,Expert,Vegetables,39.28
2024-09-28,307,9,19.96,69.12,5,0,28.89,Expert,Fruit,31.98
2024-08-19,279,7,,54.14,0,0,37.58,Beginner,Fruit,36.61
2024-02-13,208,9,27.43,64.56,1,0,21.81,Beginner,Fruit,33.23
2024-01-09,132,8,19.37,54.79,1,0,49.75,Intermediate,Meat,47.74
2024-05-17,271,8,18.52,68.7,4,0,35.12,Intermediate,Vegetables,46.68
2024-11-12,223,10,24.5,20.42,1,0,32.38,EXPERT,vegetables,31.08
2024-06-05,294,8,23.76,43.58,2,0,14.87,Beginner,Meat,29.73
2024-02-06,352,3,33.46,56.2,1,0,36.56,Beginner,Fruit,56.72
2024-12-16,268,11,24.49,63.25,0,0,20.43,Beginner,Grains,28.38
2024-08-19,273,7 staff,22.34,50.24,0,0,29.62,,Fruit,33.09
2024-06-28,207,7,23.13,49.3,4,0,41.74,Intermediate,Meat,47.95
2024-12-02,252,7,16.28,36.3,0,0,36.52,Expert,Vegetables,33.27
2024-12-30,304,7,22.91,58.77,0,0,28.92,Beginner,Vegetables,44.73
2024-10-09,253,11,26.9,68.42,2,1,29.32,Beginner,Vegetables,44.34
2024-06-10,242,6,23.73,79.16,0,1,35.23,Expert,Meat,42.85
 2024-06-21 ,351, 8 ,24.18,64.32,4,1,28.6,Expert,Vegetables,42.07
2024-08-22,410,7,22.35,49.26,3,0,41.93,Expert,Fruit,49.67
2024-02-06,282,9,23.49,54.72,1,0,24.85,,Fruit,37.44
2024-02-18,260,6,26.98,26.0,6,0,27.53,Beginner,Meat,44.14
2024-07-02, 163 ,8,21.3,64.44,1,0,36.52,Expert,Meat,41.16
2024-10-23,237,,22.42,61.69,2,0,40.54,Intermediate,Vegetables,42.38
2024-09-16,225,10,,43.94,0,0,39.4,BEGINNER,VEGETABLES,51.02
2024-12-23,262,10,22.49,44.99,0,0,25.92,Beginner,Fruit,28.76
2024-03-17,370, 3 ,25.95,55.52,6,0,33.81,Intermediate,Vegetables,38.16
2024-06-28,80,12,27.09,67.17,4,0,39.99,Expert,Vegetables,26.52
2024-08-05,254,7,17.65,54.06,0,0,14.48,Intermediate,Grains,36.63
2024-12-27,288,8,18.97,67.69,4,0,35.54,INTERMEDIATE,Vegetables,46.45
2024-06-22,251,10,22.14,75.54,5,0,31.32,Intermediate,Dairy,40.02
2024-07-04,186,7,21.87,70.02,3,0,40.43,Beginner, Meat ,44.34
2024-11-15,266,,19.96,53.31,4,1,29.98,Expert,Vegetables,31.55
2024-09-18,209,7,16.16,63.25,2,0,30.89,Beginner,Dairy,45.38
2024-05-31,213,,24.51,54.14,4,0,32.09,Expert,Meat,43.67
2024-05-08,173,8,23.5,59.95,2,0,41.29,Intermediate,FRUIT,46.5
23/05/2024,259,8,22.8,64.6,3,1,,Intermediate,dairy,45.01
2024-03-05,98,5,18.83,57.88,1,0,57.63,Intermediate,Dairy,50.38
2024-10-19,398,7,22.74,53.04,5,0,28.09, Intermediate ,Meat,59.01
2024-09-28,254,8,13.74,62.59,5,1,24.97,Beginner,Grains,50.94
2024-02-11,247,10,24.2,53.98,6,0,42.5,Intermediate,Meat,49.01
2024-07-07,109,8,25.21,64.14,6,1,,Intermediate,Grains,33.09
2024-04-24,278,9,22.6,39.78,2,1,45.55,Beginner,Vegetables,55.13
2024-01-24,270,7,19.75,66.68,2,0,20.49,Intermediate,Vegetables,31.75
2024-11-09,191,9,22.01,63.85,5,0,27.21,,Meat,36.82
2024-01-13,236,10,25.37,57.39,5,0,35.17,Intermediate,dairy,36.8
2024-05-06,425,8,25.4,64.12,0,0,30.25,,dairy,43.58
2024-11-12,357,8,25.68,76.46,1,0,26.19,Expert,Grains,50.21
2024-07-27,,7,22.53,64.65,5,0,23.1,INTERMEDIATE,vegetables,42.64
2024-09-26,394,8,20.12,40.62,3,0,26.66,Intermediate,Meat,41.61
2024-08-18,290,12.0,35.11,73.45,6,1,13.36,Intermediate,FRUIT,38.82
2024-08-20,,13,19.97,75.37,1,0,32.58,Expert ,Grains,39.73
2024-02-24,203,,25.05,38.25,5,0,,Intermediate,Vegetables,37.76
2024-09-21,400,5,24.25,55.4,5,1,49.43,Intermediate,Dairy,70.98
2024-03-05,294,8,24.08,49.0,1,0,41.37,Intermediate,Dairy,60.38
2024-11-15,221,6,29.87,54.99,4,0,45.35,,meat,65.51
2024-06-27,237,10,30.0,70.59,3,0,35.84,Beginner,Meat,51.49
2024-04-11,,8,24.75,24.74,3,1,38.44,Intermediate,Grains,39.2
2024-02-03,242,7,23.11,57.28,5,0,44.34,Intermediate,Grains,55.91
2024-04-01,295,9,23.76,69.12,0,1,45.98,Intermediate,vegetables,50.48
2024-07-03,204,7,30.16,71.23,2,1,33.83,expert,Meat,38.05
2024-02-14,263,7,24.01,71.81,2,0,47.24,EXPERT,Fruit,36.57
2024-02-10,305,6,17.06,77.39,5,0,30.96,Beginner,Fruit,41.57
2024-01-14,325,5,20.04,55.24,6,0,,Beginner,Vegetables,37.54
2024-10-28,277,8,18.33,35.32,0,1,34.16,Expert,MEAT,37.28
2024-07-04,227,7,,76.0,3,0,18.68,Beginner,Meat,39.85
2024-10-30,,9,25.02,66.56,2,0,37.41,Intermediate,Dairy,59.12
2024-10-26,315, 13 ,26.21,44.16,5,0,,Expert,Meat,50.63
2024-05-31,201,3,19.12,79.1,4,0,33.26,,Vegetables,42.06
2024-02-10,306,staff: 8,21.03,67.62,5,0,37.55,,Dairy,50.37
2024-12-07,90,7.0,27.43,57.39,5,0,41.1,Expert,Grains,38.3
2024-12-04,170,11,31.6,70.44,2,0,25.94,,Fruit,26.59
2024-12-22,264,5,26.51,38.96,6,0,34.31,Intermediate,Meat,47.57
2024-01-17,345,8,28.63,56.71,2,0,42.05,Intermediate,Vegetables,48.17
2024-06-10,260,11,30.15,58.89,0,0,44.52,Intermediate,Meat,45.56
2024-12-03,343 meals,5,16.4,72.79,1,0,19.65,Beginner,Meat,48.08
2024-12-29,,7,30.14,77.49,6,0,23.81,Beginner,Grains,44.96
2024-09-27,226,,,73.01,4,1,16.14,Intermediate,Grains,35.08
2024-04-06,305,6,14.3,64.58,5,0,39.59,INTERMEDIATE,Vegetables,41.34
2024-10-12,298, 9 ,14.51,74.4,5,0,26.8,Expert,Meat,47.96
2024-10-19,244 meals,,31.21,42.01,5,0,36.05,Intermediate,MEAT,47.25
2024-10-13,258,8,24.48,69.91,6,0,23.41,Intermediate,Grains,39.97
2024-08-11, 300 ,10,31.29,75.43,6,1,27.45,Beginner,Dairy,46.77
2024-02-15,170,6,60.0,61.19,3,0,24.17,Expert ,Vegetables,31.37
2024-02-07,229,9,21.73,65.62,2,0,43.56,Intermediate,Fruit,38.37
2024-10-22,370,7,24.88,59.97,1,0,44.96,Intermediate,Vegetables,48.48
2024-01-18,120,8,22.7,41.39,3,0,,beginner,MEAT,35.61
2024-10-28,265,7,,46.2,0,0,20.65,Expert,MEAT,33.47
2024-02-08,201,7,26.0,35.7,3,0,25.58,BEGINNER,Vegetables,32.02
2024-11-01,329,9.0,22.98,55.15,4,0,26.8,Beginner,Grains,41.63
2024-02-21,285,9,25.14,60.17,2,0,40.34,Intermediate,Meat,57.74
2024/12/17,213,6,15.82,50.24,1,0,-5.0,Intermediate,Vegetables,30.59
2024-07-20,302,12,22.79,75.98,5,0,42.68,Expert,FRUIT,45.84
2024-06-25,"272,",5,23.43,53.84,1,1,38.82,Intermediate,Meat,54.7
2024-02-23,185,10,18.76,71.59,4,0,18.89,Intermediate,Grains,25.17
2024-03-07,183,5,,67.46,3,0,29.63,Expert,Dairy,31.92
2024-02-25,359,,9.94,62.86,6,1,24.06,Intermediate,Meat,57.84
2024-11-19,203,9,13.96,70.65,1,0,45.6,Intermediate,Grains,42.95
2024-08-19,248,9,24.22,77.5,0,0,36.01,Expert,Grains,44.09
2024-09-26,332,3,30.27,40.84,3,0,,Intermediate,Dairy,43.94
2024-06-19,316,7,17.98,75.25,2,1,32.69,Intermediate,Vegetables,52.0
2024-02-05,253,9,25.35,57.09,0,0,31.99,beginner,Vegetables,35.97
2024-03-07,198,6 staff,15.17,60.04,3,0,44.1,Beginner,Grains,50.02
2024-03-26,222,10,18.92,41.87,1,0,39.6,,Meat,45.23
2024-10-18,258,12,21.54,68.38,4,0,33.31,Expert,Fruit,32.19
2024-02-21, 233 ,10,18.18,41.08,2,1,27.28,Intermediate,Meat,39.65
2024-05-21, 222 ,,21.77,55.87,1,0,27.64,Beginner,Meat,41.09
2024-09-24,265,10,24.62,50.05,1,1,45.76,Expert,Fruit,43.62
2024-09-03,136,7,14.37,51.44,1,0,24.51,Intermediate,Meat,31.4
2024-11-03,281,8,22.91,58.94,6,1,18.85,Intermediate,Dairy,35.83
2024-09-20,427,12,29.18,58.7,4,0,47.15,Intermediate,Dairy,53.36
2024-10-22,205,7,24.69,51.56,1,0,21.36,Expert,Vegetables,25.31
2024-07-11,216,5,27.34,57.9,3,0,22.99,Intermediate,dairy,34.85
2024-04-17,265,12,16.94,50.51,2,0,,Expert,DAIRY,37.44
2024-06-07,240,10,16.11,69.72,4,1,37.88,Intermediate,Meat,55.13
2024-05-23, 154 ,10,22.76,73.03,3,1,24.11,Intermediate,Dairy,31.76
2024-05-06,,,33.12,50.03,0,0,20.49,Beginner,Grains,37.09
2024-01-05,270,10,26.03,62.93,4,1,12.9,Intermediate,Meat,38.41
2024-02-04,264,7,20.78,52.36,6,0,30.98,,Grains,34.9
2024-03-03,365,6,19.52,43.55,6,0,19.86,Intermediate, Meat ,36.21
2024-07-10,358,12,28.81,54.51,2,0,,Beginner,Fruit,35.99
2024-07-12,,3,27.44,63.17,4,1,5.35,Intermediate,Vegetables,25.67
2024-11-06,244,5,18.21,50.81,2,0,30.73,Expert,Fruit,31.33
2024-05-03,179,3,25.98,80.16,4,0,26.06,Intermediate,Dairy,38.76
2024-06-29,192,4,25.02,58.36,5,0,27.29,Expert,Vegetables,34.24
2024-04-20,,12,24.59,37.5,5,0,37.63,expert,Grains,34.74
2024-11-02,171,12,18.2,74.45,5,0,20.08,Intermediate,fruit,37.99
2024-05-18,286,9,15.68,40.54,5,0,28.51,Beginner,Grains,39.61
2024-04-28,181,12,21.1,57.3,6,0,36.78,Expert,Fruit,29.27
2024-12-25,2000,7,23.05,57.27,2,0,21.27,Intermediate,Meat,41.92
2024-02-04,265,14,,38.31,6,1,25.63,Expert,DAIRY,36.31
2024-01-14,236,15,25.89,67.55,6,0,35.67,Expert,Grains,32.69
2024-10-25,332,5,24.91,53.09,4,0,,Beginner,Meat,46.11
2024-12-27,293,13 staff,,49.39,4,0,30.34,INTERMEDIATE,Meat,41.63
2024-03-30,142,10,27.97,49.21,5,0,25.84,Intermediate,MEAT,35.12
2024-02-11,235,10,22.15,71.58,6,0,26.44,,GRAINS,42.49
2024-10-06,302,5,,51.97,6,0,40.93,BEGINNER,Grains,44.32
2024-02-25,220,8,,105.0,6,0,40.89,Expert,Dairy,34.55
2024-09-07,295,12,19.25,54.7,5,0,37.85,Expert,Grains,44.07
2024-10-08,239,10,26.77,46.09,1,0,29.83,Beginner,GRAINS,43.16
2024-08-11,237,11,28.98,46.17,6,0,25.9,Beginner,Grains,36.13
2024-07-13,287,3,11.99,71.33,5,0,42.66,Intermediate,Fruit,54.17
2024/12/09,142,6,22.58,83.13,0,0,21.73,,Grains,42.44
2024-02-19,278,,13.74,41.87,0,0,21.74,Beginner, Meat ,41.19
2024-10-26,84 meals,5,25.53,67.33,5,0,26.83,Intermediate,Grains,33.6
2024-06-11,266,staff: 10,27.62,39.91,1,1,28.33,beginner,Grains,51.23
2024-02-13,280,5,18.12,63.54,1,1,,BEGINNER,Grains,39.83
2024-07-19,,8,20.2,72.56,4,0,15.99,Intermediate,dairy,21.1
2024-07-16,,11,21.2,69.89,1,0,39.26,Beginner,Fruit,37.37
2024-09-18,180,14,18.15,54.23,2,1,30.25,Beginner,Dairy,41.67
2024-04-21,180,,17.76,50.07,6,1,25.05,Expert,Grains,37.1
2024-06-07,191,5,22.5,70.13,4,0,25.97,Beginner,Meat,33.37
2024-11-19,404,3,21.22,67.1,1,0,,Intermediate,Meat,46.69
2024-11-30,240,8,21.61,44.22,5,0,31.01,Beginner,Meat,45.47
2024-12-03, 315 ,8,16.16,75.0,1,0,21.73,Beginner,Fruit,36.42
2024-09-24,278,staff: 10,,61.79,1,0,23.56,Beginner,MEAT,33.45
2024-04-03,206,7,14.59,50.88,2,0,45.13,beginner,Meat,46.2
2024-06-27,147,4,16.27,61.43,3,0,24.26,Intermediate,Vegetables,28.65
2024-07-22,210,4,22.75,58.25,0,0,13.31,Intermediate,MEAT,28.99
2024-03-01,,8,27.23,59.34,4,1,12.74,Expert,Dairy,32.36
2024-03-13,318,7,25.31,45.38,2,0,35.73,beginner,Meat,46.38
2024-03-19,297,3,31.23,78.2,1,0,17.46,Beginner,Meat,47.57
2024-07-17,102,13,18.56,56.08,2,0,37.18,Intermediate,VEGETABLES,43.63
2024-07-20,267,8,20.39,60.01,5,0,21.66,Intermediate,Grains,42.08
2024-04-12,296,8,25.97,60.0,4,1,,Beginner,Meat,48.86
2024-01-22,257,10,25.81,79.38,0,1,17.02,Beginner,Grains,42.02
2024-09-08,232,staff: 9,,46.69,6,0,23.09,Intermediate,Fruit,38.45
2024-01-03,279,11,23.37,46.08,2,1,24.83,Expert ,Meat,39.88
2024-10-04,390,9,-10.0,68.47,4,0,32.79,Intermediate,Dairy,49.63
2024-10-05,267,12,25.14,59.42,5,0,46.66,Intermediate,FRUIT,46.31
2024-09-20,434,12,25.12,68.12,4,0,29.57,Intermediate,Dairy,52.04
2024-02-22,233,8,,81.87,3,0,50.18,Beginner,Meat,63.78
2024-06-27,267,7,19.33,35.97,3,0,25.34,,Fruit,29.5
2024-01-09, 180 ,8,24.13,75.83,1,0,27.07,Intermediate,MEAT,37.64
2024-09-26,"375,",5,28.02,79.74,3,0,37.16,Intermediate,Grains,55.83
2024-06-01,142,6,24.47,68.26,5,0,24.39,Beginner,Grains,34.08
2024-10-20, 140 ,3,31.86,58.27,6,1,,Intermediate,Meat,41.01
2024-04-23,186,,19.33,63.67,1,0,37.35,Intermediate,Grains,40.44
2024-09-29,176,,,58.39,6,0,18.5,Intermediate,Grains,29.51
2024-04-27,188,staff: 9,23.46,59.59,5,0,28.13,Intermediate,Grains,27.29
2024-06-13,91,7,20.63,55.77,3,0,22.75,Intermediate,Vegetables,14.78
2024-03-02,216,7,22.59,78.62,5,0,35.95,Intermediate,Grains,45.09
2024-01-24,345,5,20.52,42.93,2,0,39.15,Intermediate,DAIRY,53.9
2024-03-20,317,10,23.34,69.33,2,0,32.65,Beginner,Meat,57.64
2024-11-23,200,9,29.21,51.6,5,1,27.36,beginner,Vegetables,34.66
2024-04-19,318,7,,50.92,4,0,31.5,Beginner,Grains ,44.28
2024-02-22,,12,21.48,20.0,3,0,31.2,Beginner,GRAINS,37.83
2024-11-14, 150 ,8,30.6,78.1,3,0,29.94,INTERMEDIATE,Grains,39.12
2024-02-12,257 meals,9,28.59,55.74,0,0,42.8,Beginner,Meat,59.51
2024-02-16,,6,26.79,51.35,4,0,27.69,Beginner,Dairy,46.54
2024-02-22,80,7,,65.47,3,1,25.91,Beginner,Meat,41.66
2024-08-14,150,11,27.86,56.86,2,0,34.47,EXPERT,Fruit,35.77
2024-01-31,158,6,18.98,63.83,2,0,33.78,beginner,Vegetables,40.65
2024-08-20,176,8,26.15,55.18,1,0,26.22,Intermediate,Meat,42.66
2024-06-23,244,7,19.49,22.17,6,0,20.48,Beginner,Grains,31.78
2024-08-09,282,8,21.28,48.44,4,0,,Beginner,Grains,27.77
2024-06-07,118,,,58.91,4,1,25.72,Beginner,Vegetables,41.04
2024-05-29,183,,23.5,68.15,2,1,31.86,,FRUIT,39.69
2024/03/28,259,10,25.19,61.48,3,1,20.62,Intermediate,Meat,40.76
2024-03-25,433,5,24.79,66.79,0,0,46.83,Expert,Vegetables,51.85
2024-10-19,312,8,29.35,55.12,5,1,29.91,Beginner,Vegetables,43.07
2024-07-27,322,7,25.07,74.5,5,0,27.89,Intermediate,Vegetables,40.02
2024-01-01,247,,20.61,78.82,0,0,,Intermediate,MEAT,28.45
2024-02-16,321,8,30.72,62.03,4,0,20.89,Beginner,Meat,43.38
2024-10-06, 324 ,6,,75.21,6,0,35.32,BEGINNER,DAIRY,53.37
2024-09-23,432,9,19.89,47.06,0,1,37.21,beginner,Vegetables,48.35
2024-04-19,348,8,19.17,49.87,4,0,,Beginner,Meat,46.25
2024-08-03,175,,26.96,75.89,5,0,39.31,Beginner,Vegetables,51.06
2024-10-28,265,7,,46.2,0,0,20.65,Expert,MEAT,33.47
09-06-2024,204,6,29.76,67.33,4,0,48.31,Intermediate,Meat,48.87
2024-07-15, 155 ,8 staff,21.88,47.91,0,0,14.24,Beginner,Dairy,28.03
2024-03-12,308,10,28.55,69.93,1,0,26.92,Intermediate,Fruit,28.96
2024-02-04,225,5,26.58,68.18,6,0,-5.0,Intermediate,Meat,46.68
2024-09-12,270,7,21.0,70.86,3,0,30.87,Beginner,Meat,54.5
2024-04-27,282,13,28.23,69.58,5,0,43.43,Expert,vegetables,41.69
2024-12-08,289,7,26.21,54.25,6,0,22.21,Expert,Vegetables,45.63
2024-10-28,284,12,24.81,65.68,0,0,33.48,Intermediate,Grains,40.63
2024-02-13,124,8,29.05,57.91,1,0,33.09,Intermediate,Vegetables,39.09
2024-07-28,288 meals,8,21.91,52.59,6,0,21.75,Intermediate,Vegetables,41.31
2024-03-27,80,5 staff,22.15,62.51,2,0,28.76,Intermediate,Vegetables,27.87
2024-03-26,177,9,25.12,59.29,1,0,19.27,Intermediate,Meat,33.2
2024-01-25,303,7,24.13,65.94,3,0,29.06,Expert,vegetables,29.49
2024-01-04,336,5,,47.71,3,1,16.49,Expert,Meat,44.09
2024-11-05,168,9,24.42,60.98,1,0,7.55,Beginner,Dairy,29.76
2024-07-22,,6,24.6,54.2,0,0,16.57,beginner,Meat,35.14
2024-06-27, 242 ,5,20.56,67.07,3,1,27.27,beginner,Vegetables,35.03
2024-08-19, 80 ,8,23.51,45.83,0,0,39.08,Intermediate,Vegetables,36.03
2024-07-06,318,8,20.56,47.41,5,0,27.83,Intermediate,VEGETABLES,40.09
2024-10-03,281,7,,59.24,3,0,31.38,Intermediate,Grains,40.25
2024-06-30,261,8,29.29,50.07,6,0,44.25,Intermediate,Meat,54.04
2024-06-05,197,3,19.0,52.15,2,0,23.19,Expert ,Grains ,26.3
2024-01-27,282,6,20.64,73.37,5,0,9.15,Beginner,Meat,24.49
2024-08-27,283,11,21.28,57.51,1,0,47.54,BEGINNER,meat,45.01
2024-02-12,268,5.0,22.76,51.63,0,0,5.0,Expert,Dairy,19.23
2024-05-31,275,4,27.12,73.25,4,0,47.66,Intermediate,Grains,49.65
2024-05-30,239,9,17.52,44.98,3,0,31.73,Expert,meat,35.1
2024-11-06,129,5,17.61,54.78,2,0,37.38,Intermediate,Fruit,37.97
2024-06-28,308,9,34.19,49.09,4,0,33.68,Intermediate,Grains,50.07
2024-06-16,358,11,22.2,39.87,6,0,,Expert,Dairy,33.81
2024-04-21,233,15,22.75,49.51,6,1,36.9,Expert,Meat,48.79
2024-05-26, 395 ,4,14.67,90.0,6,0,34.68,Expert,Vegetables,47.9
2024-12-04,370,6,29.69,54.01,2,0,,Intermediate,Grains,45.67
2024-06-19,361,10,25.73,65.08,2,0,34.59,Intermediate,Meat,54.13
2024-03-05,80,10,22.8,59.93,1,0,40.21,Intermediate,dairy,34.27
2024-10-29,324,9,,43.1,1,1,36.19,Beginner,Meat,58.95
2024-02-27,,8,18.91,76.32,1,0,43.14,beginner,Grains,50.66
2024-02-26,249 meals,9,24.84,44.24,0,0,35.22,Beginner,Vegetables,46.07
2024-12-06,249,3 staff,33.61,47.25,4,0,,,Meat,44.43
2024-06-13,318,6,25.1,58.07,3,0,27.37,EXPERT,Fruit,38.01
2024-11-20,265,9,20.95,57.33,2,1,24.71,Beginner,Meat,52.24
2024-08-04,309,8,,47.62,6,0,33.36,Expert,Meat,47.35
2024-07-24,179,10,29.77,44.87,2,1,31.49,Beginner,Dairy,39.7
2024-12-12,241,6,32.77,73.78,3,0,,Expert,Grains,37.5
2024-11-08,332,10,,72.04,4,1,45.49,Intermediate,Meat,61.46
2024-10-22,209,7,26.5,67.4,1,0,16.88,Intermediate,Grains,23.78
2024-05-20,367,6,25.61,61.88,0,0,,Expert ,Dairy,54.59
2024-05-26,,8,28.47,67.03,6,1,,,Meat,45.79
2024-11-10,284,9,20.09,66.98,6,0,39.86,Intermediate,Grains,49.32
2024-01-05,165,5,17.72,56.85,4,0,,Beginner,Vegetables,28.68
2024-12-29, 277 ,7,20.56,72.7,6,1,18.16,,Grains,43.01
2024-05-26, 334 ,10,24.91,48.79,6,0,,Beginner,Meat,52.78
2024-02-21,262,10,26.93,52.78,2,0,34.58,,Grains,38.21
2024-08-30,323 meals,8,24.36,57.26,4,0,44.99,Expert,Meat,58.8
2024-07-19,404,8,24.88,66.15,4,0,21.48,,Meat,51.15
2024-09-28,278,6,24.65,47.89,5,0,39.14,Intermediate,meat,50.91
2024-12-23,259,6,17.11,40.36,0,0,24.16,Intermediate,Dairy,36.89
2024/11/30,314,8,,57.21,5,0,30.72,Intermediate,Dairy,43.48
2024-04-07, 233 ,11,23.01,46.41,6,0,33.06,Intermediate,meat,38.82
2024-03-27,302,5,27.52,41.97,2,0,41.82,Intermediate,Vegetables,40.98
2024-01-22,208,3,29.06,55.73,0,0,50.53,Intermediate,dairy,56.68
2024-03-29,242,4,,66.53,4,0,32.93,Beginner,Dairy,43.39
2024-11-07,224,8,13.57,29.85,3,0,40.64,Intermediate,Vegetables,39.96
2024-01-03,101,8,21.95,47.91,2,0,27.24,Expert,Meat,36.09
2024-09-08,185,12,,46.46,6,0,,beginner,Meat,34.77
2024-12-23,279,10,18.61,68.6,0,0,28.77,Intermediate,Fruit,38.66
2024-11-04,337,6,25.54,58.42,0,0,32.39,Intermediate,Fruit,41.23
2024-06-19,361,10,25.73,65.08,2,0,34.59,Intermediate,Meat,54.13
2024-04-12,,7,17.87,61.69,4,0,41.16,Expert,Fruit,41.61
2024-12-20,242,9,24.78,37.76,4,0,31.7,Intermediate,Vegetables,32.06
2024-10-11, 199 ,7,19.79,64.82,4,0,35.58,Intermediate,Dairy,47.01
2024/12/19,291,7,15.89,59.19,3,0,24.95,Expert,Fruit,25.52
2024-06-12,185,3,24.64,43.22,2,0,32.19,Intermediate,fruit,27.44
2024-04-08,326,12,15.32,65.47,0,0,23.78,Intermediate,Meat,48.91
2024-11-17,275,8,24.52,62.6,6,0,7.41,Expert,Vegetables,21.31
2024-03-14,174,staff: 13,24.41,62.41,3,0,19.36,Expert,Meat,36.31
2024-07-08,221,7.0,21.06,56.12,0,1,47.23,Intermediate,Vegetables,42.93
2024-01-10,276,9,19.46,71.25,2,0,30.47, Intermediate ,Dairy,43.46
2024-10-08,321,12,21.26,64.76,1,0,60.1,Intermediate,Fruit,55.7
2024-07-01,251,7,23.37,58.34,0,1,46.58,Beginner,fruit,53.02
2024-04-30,306,9,31.5,53.36,1,0,44.17,Beginner,Vegetables,59.8
2024/07/04,479,6,8.94,42.24,3,0,34.1,Intermediate,Vegetables,43.8
2024-01-31,291,10,18.08,34.61,2,0,26.82,Beginner,FRUIT,36.62
2024-02-01, 256 ,5,26.71,54.1,3,0,22.84,INTERMEDIATE,Meat,44.87
2024-10-10,"411,",15,23.55,75.92,3,1,38.64,Beginner,Fruit,55.12
2024-06-01,220,10.0,20.58,63.76,5,0,34.8,Expert,Meat,37.83
2024-04-03,255,6,25.08,64.11,2,0,31.9,Expert ,meat,46.05
2024-10-09,215,9,23.36,52.56,2,1,26.46,expert,Dairy,35.24
2024-04-19,277,9,21.21,58.2,4,1,26.41,Beginner,Fruit,47.83
2024-11-08,281,5,23.09,67.0,4,0,44.53,INTERMEDIATE,Vegetables,38.42
2024-06-06,241,8,25.88,54.77,3,1,33.64,Intermediate,dairy,52.66
2024-09-01,232,4,24.76,72.39,6,0,37.16,beginner,Meat,49.79
2024-07-23,262,8,20.79,48.08,1,0,14.3,Intermediate,Meat,32.4
2024-02-10,261,9,,37.34,5,0,,Beginner,Vegetables,50.11
2024-10-20,375,10,16.64,72.45,6,1,35.98,Beginner,Vegetables,62.61
2024-06-01, 247 ,12,23.85,33.27,5,1,5.0,,Fruit,17.47
2024-10-06,431,9,28.61,60.0,6,0,28.06,Intermediate,Dairy,47.36
2024-11-10,238,7,21.83,57.99,6,0,42.4,Intermediate,VEGETABLES,36.86
2024-08-18,201,4,15.66,41.21,6,0,27.8,Beginner,Fruit,27.22
2024-01-13,159,11,25.09,51.4,5,0,30.24,Intermediate,Grains,35.09
2024-04-26,204,,18.0,65.95,4,1,,,Vegetables,40.74
2024-10-13,"243,",,24.38,78.53,6,0,34.32,Expert,Meat,37.47
2024-10-15,419,6,19.65,64.96,1,1,,Intermediate,Meat,51.93
2024-04-15,371,9,16.38,71.9,0,0,34.52,expert,Dairy,60.36
2024-06-01,307,6,34.78,47.5,5,0,31.27,Expert,Fruit,40.46
2024-03-01,243,9,15.03,38.98,4,0,39.28,Intermediate,Grains,37.4
2024-10-07,"311,",7,,45.95,0,0,31.68,,Dairy,45.57
2024-06-01,232,11,22.19,58.4,5,0,17.33,Beginner,Dairy,29.31
2024-12-18,251,4,,53.31,2,0,41.42,Beginner,Dairy,54.8
2024-05-29,266,9,31.21,54.11,2,0,51.14,Beginner,Meat,58.81
2024-02-23,344,8,19.25,60.12,4,1,8.31,Expert,Vegetables,26.67
2024-09-13,223,11,,48.02,4,0,21.48,Intermediate,Vegetables,25.96
2024-02-13,300,6,19.74,69.5,1,0,,Intermediate,Meat,49.35
2024-02-26,153,11,25.79,78.91,0,1,35.43,Beginner,Grains,46.04
2024-01-31,322,11,16.73,48.78,2,0,31.14,Expert,Vegetables,37.71
2024-05-01,136,10,31.61,50.56,2,0,32.75,Intermediate,Dairy,41.06
2024-06-22,354,5,25.34,66.42,5,1,45.13,Beginner,Fruit,56.1
2024-12-30,294,,19.77,88.42,0,0,10.81,Expert,Vegetables,29.03
2024-08-26,392,3,24.48,59.45,0,0,32.1,Intermediate,Grains,53.81
2024-09-20,184,9,24.61,44.4,4,0,54.12,,Dairy,48.38
2024-06-29,269,12,17.49,55.86,5,1,24.34,Beginner,Grains,42.83
2024-10-10,213,5,31.12,65.73,3,0,41.36,Intermediate,Fruit,36.57
2024-10-03,241,7,18.03,67.68,3,0,38.66,Expert,Vegetables,36.72
2024-05-23,,staff: 8,,52.41,3,0,24.03,Intermediate,FRUIT,28.67
2024-01-19,185,7,37.98,53.21,4,0,37.64,Intermediate,Fruit,43.2
2024-11-27,170,7 staff,17.0,59.52,2,0,29.09,Intermediate,Dairy,45.67
2024-01-12,178,11,21.24,56.94,4,0,21.9,expert,Vegetables,22.26
2024-11-19,267,7,25.55,50.67,1,0,31.05,Intermediate,Meat,39.52
2024-04-15,,11,28.22,58.95,0,0,26.39,expert,dairy,35.53
2024-11-25,325,8,30.4,63.8,0,0,40.08,BEGINNER,Fruit,48.69
2024-11-30,"329,",10,24.69,72.47,5,0,,Intermediate, Meat ,29.95
2024-10-09,345,6,26.48,34.27,2,0,,Intermediate,Meat,52.64
2024-07-21,175,9,22.11,61.64,6,0,25.61,Intermediate,Meat,29.23
2024-01-19,333,5,24.84,63.42,4,0,,Expert,Meat,42.55
2024-02-29,226,8,15.65,52.12,3,0,26.01,Intermediate,Vegetables,26.32
2024-04-21,140,10,20.77,35.83,6,0,35.69,Beginner,Meat,41.12
2024-08-14,,6,17.19,58.31,2,0,20.69,Expert,Grains,29.35
2024-11-09,,5 staff,16.65,49.76,5,0,28.62,Expert,Meat,49.65
2024-01-01,292,11,24.32,51.59,0,0,27.01,Expert,Vegetables,37.32
2024-04-19,2000,6,16.36,60.93,4,1,32.63,Intermediate,Fruit,36.92
2024-09-21,247,6,15.67,67.69,5,0,46.1,Beginner,Meat,39.43
2024-03-22,118,3,23.74,57.43,4,0,35.78,Intermediate,Meat,35.74
2024-03-14,248,11,19.54,57.28,3,0,20.29,,Vegetables,26.19
2024-11-25,330,7,19.2,59.15,0,1,36.58,Beginner,Vegetables,50.01
2024-07-21,276,,,32.73,6,0,23.25,Intermediate,Vegetables,38.59
2024-11-23,,12,22.32,60.67,5,0,28.82,beginner,Meat,52.55
2024-09-22,218,4,22.91,31.48,6,0,28.37,Beginner,Vegetables,36.64
2024-12-16,353,8,22.31,63.53,0,0,27.28,Intermediate,Meat,49.35
2024-06-19,316,7,15.53,60.06,2,0,,Intermediate,Fruit,39.64
2024-05-23,293,10,19.52,90.0,3,0,21.66,Intermediate,Vegetables,43.51
2024-06-23,156,8,24.33,42.08,6,0,40.98,Expert,Vegetables,33.31
2024-05-14,205,6,11.72,75.35,1,0,30.2,Intermediate,Dairy,44.04
2024-06-07, 163 ,11,23.44,65.78,4,0,34.78,Expert,Grains ,33.05
2024-04-02,302,9,22.4,69.03,1,0,37.24,Intermediate, Meat ,45.44
2024-04-28,228, 12 ,21.34,89.12,6,0,27.46,Intermediate,Dairy,33.44
2024-08-06,271,12,18.19,55.01,1,0,24.91,Intermediate,Fruit,31.32
2024-08-25,159,5,20.77,37.13,6,0,19.49,Intermediate,Dairy,29.92
2024-05-05, 307 ,11,25.4,78.62,6,0,32.11,Intermediate,Meat,52.46
21/03/2024,264,6,29.19,52.5,3,1,25.3,Beginner,meat,42.51
2024-07-20, 261 ,10,19.09,52.75,5,1,,Expert,vegetables,33.06
2024-04-26,311,6,19.88,70.86,4,0,32.71,Beginner,Vegetables,49.1
2024-04-17,276,7,27.77,46.25,2,1,34.3,Intermediate,Meat,49.25
 2024-04-29 ,288,5,27.84,38.21,0,1,20.59,Intermediate,Grains,37.11
2024-03-30,,5,34.21,56.8,5,1,22.36,Intermediate,Meat,49.8
2024-09-25,215,9,26.83,59.4,2,0,11.75,Intermediate,Meat,27.37
2024-02-20,236,4,20.67,54.07,1,1,44.02,Expert,Grains,58.37
2024-07-10,210,7,19.7,60.46,2,0,34.91,Intermediate,vegetables,34.1
2024-01-17, 243 ,7,13.55,60.88,2,1,22.72,Expert,Meat,45.76
2024-01-21, 275 ,10,24.95,57.18,6,1,37.04,Expert,Vegetables,47.17
2024-06-12,250,11,23.91,41.42,2,0,28.66,Intermediate,Meat,42.59
2024-04-26,338 meals, 11 ,24.11,64.25,4,0,31.82,Intermediate,Meat,47.96
2024-04-23,370 meals,7,23.16,32.13,1,1,42.68,Intermediate,Grains,52.89
2024-09-15, 335 ,6,24.46,86.93,6,1,20.33,INTERMEDIATE,Grains,46.78
2024-07-10,2000,5,28.98,38.83,2,0,31.98,expert,Meat,48.22
2024-04-24,153,13,35.13,59.45,2,0,, Intermediate ,Dairy,50.13
2024-07-06, 189 ,9,15.6,87.33,5,0,37.59,Intermediate,Grains ,41.26
2024-06-17,211,9,,46.06,0,0,41.14, Intermediate ,Dairy,48.75
2024-04-15,"283,",9,19.34,70.87,0,0,37.52,Beginner,Dairy,49.95
2024-01-21,231,11,21.65,71.63,6,1,27.01,,Vegetables,34.75
2024-03-07,320,11,20.68,51.79,3,0,48.73,Intermediate,Meat,52.85
2024-03-28,201,,15.81,65.95,3,0,42.25,Beginner,Meat,45.62
2024-08-19, 196 ,9,28.43,77.14,0,1,18.24,Expert,Meat,29.11
2024-10-08,207,7,29.44,44.78,1,1,22.54,Beginner,Dairy,42.31
2024-09-16,241,11,32.95,55.43,0,0,24.36,beginner,Grains,35.41
2024-06-08,183,6,18.07,44.63,5,0,23.64,Intermediate,DAIRY,20.49
2024-10-05,247,13,26.95,49.78,5,0,27.53,Beginner,vegetables,47.97
2024-05-14,174 meals,6,19.79,49.8,1,0,33.69,Intermediate,Fruit,34.2
2024-06-06,134,10,23.46,47.59,3,0,32.86,Intermediate,Grains,29.31
2024-06-15,156,11,,60.63,5,0,36.75,BEGINNER,DAIRY,32.99
2024-03-12,"233,",10,27.87,56.77,1,0,,Intermediate,Meat,46.74
2024-08-11,,9,31.47,56.06,6,0,15.96,INTERMEDIATE,fruit,41.09
2024-03-08,315,9,22.58,52.31,4,0,26.03,Intermediate,dairy,36.43
2024-10-10,212,,26.13,69.64,3,1,,Intermediate,fruit,41.24
2024-07-25,223,10,17.75,79.76,3,1,42.6,Intermediate,Vegetables,53.17
2024-11-07,"130,",6,21.15,45.56,3,0,,,Vegetables,23.09
2024-10-13,,10,30.64,60.43,6,0,38.34,Intermediate,vegetables,49.82
2024-02-26,147,6,31.07,58.44,0,0,33.23,Beginner,Vegetables,34.26
2024-02-12,282,9,,36.12,0,0,40.56,Expert ,Meat,43.3
2024-12-15,223,7,,59.63,6,0,14.11,Expert,Grains,37.52
2024-08-20,280,14,30.8,34.82,1,0,37.86,Beginner,VEGETABLES,56.92
2024-09-26,228,8,28.2,41.96,3,0,43.83,Expert,Meat,49.95
2024-06-07,393,11,,62.83,4,0,29.43,Beginner,Grains,45.93
2024-12-17,291,4,39.36,58.2,1,0,28.32,Intermediate,Vegetables,45.33
2024-03-17,259,9,7.45,75.83,6,0,36.15,Intermediate,Dairy,50.54
2024-06-13,159,10,,66.92,3,1,26.62,Intermediate,Vegetables,41.12
2024-07-29,208,9,21.82,73.45,0,0,30.37,Intermediate,Meat,38.89
2024-11-06,171,,20.5,41.41,2,0,34.24,Expert,Vegetables,20.95
2024-05-13,236,3.0,24.62,69.32,0,0,42.95,Beginner,Vegetables,42.35
2024-10-17,281,5,23.46,57.94,3,0,,Expert,Vegetables,37.68
2024-05-13,265,7,,33.66,0,0,24.3,Expert,Meat,44.82
2024-03-01,354,3,20.78,64.28,4,0,31.94,Intermediate,Grains ,44.76
2024-06-29,246,10,27.5,42.2,5,1,22.52,Intermediate,Meat,44.05
2024-06-18,131,7,19.37,55.6,1,0,34.81,,Grains,40.08
2024-05-18,333,,25.18,61.47,5,1,31.28,Intermediate,Meat,50.85
2024-07-16,317,10,18.81,60.05,1,1,49.4,Beginner,Grains,62.99
2024-04-18,253,10,17.95,62.37,3,0,18.95,Intermediate,Grains,30.31
2024-03-06,240,,25.79,49.69,2,0,14.75,Intermediate,Grains,30.5
2024-03-28,209,7.0,23.22,64.87,3,0,34.95,Beginner,fruit,37.58
2024-11-05,226,13,19.86,66.73,1,1,34.74,BEGINNER,Grains,43.39
2024-10-19,296,9,,36.86,5,1,40.93,EXPERT,Vegetables,55.76
2024-07-14,360,12,22.1,73.9,6,1,32.2,Expert,vegetables,37.66
2024-06-06,214,4,16.24,52.59,3,1,32.48,Expert,Grains,39.69
2024-06-14,225,9,19.33,61.42,4,0,24.86,,Vegetables,29.03
2024-05-10,356,6,23.16,67.19,4,0,26.2,Intermediate,meat,45.35
2024-05-29,261,staff: 9,32.12,61.58,2,0,42.81,Intermediate,Dairy,51.72
2024-09-18,281,6,23.35,50.49,2,0,23.63,Expert,Grains,42.5
2024-08-09,218,9,12.59,71.0,4,0,42.51,,Vegetables,34.85
2024-10-01, 312 ,6 staff,23.34,61.38,1,1,37.06,Intermediate,Grains,51.21
2024-10-01,246,8,25.77,62.59,1,1,37.26,Beginner,Fruit,50.5
2024-04-05,353,11,21.9,54.0,4,0,22.3,Expert,Dairy,37.2
2024-05-19,164 meals,7,17.76,58.37,6,1,14.87,BEGINNER,Dairy,25.87
2024-12-07,"285,",9,24.15,66.45,5,0,18.85,Expert,Grains,34.15
2024-01-29,174,6,,50.93,0,0,37.7,Intermediate,Vegetables,37.61
2024-06-14,301,7,,66.45,4,0,35.15,INTERMEDIATE,Meat,52.93
2024-09-16,235,9,24.75,42.98,0,0,17.16,Intermediate,Grains,21.92
2024-07-19,378,13,28.9,69.98,4,1,44.62,Expert,Meat,59.06
2024-04-25,291,10,,63.92,3,0,30.52,Intermediate,Dairy,49.88
2024-08-06,344,staff: 6,18.19,65.33,1,1,26.5,,fruit,47.21
2024-07-09,183,7,,53.16,1,0,31.76,Intermediate,Fruit,34.74
2024-05-20,157,11,19.09,55.95,0,0,28.43,Expert,Meat,42.56
2024-09-17,2000,8,28.39,34.33,1,0,18.1,Intermediate,Vegetables,37.24
2024-07-21,140,9,20.45,51.9,6,0,35.49,Expert ,Dairy,31.3
2024-03-30,169,3,18.18,38.25,5,0,25.9,Expert,Vegetables,23.06
2024-11-01,188,9,24.83,50.37,4,0,41.68,Intermediate,Fruit,40.13
2024-08-03,224,8,18.46,49.33,5,0,20.96,Beginner,Vegetables,39.39
2024-08-16,269,9,31.18,54.54,4,0,24.04,Expert,Fruit,27.73
2024-11-27,195,7,21.42,43.61,2,0,27.76,Beginner,Dairy,30.53
2024-08-30,331,10,30.03,49.99,4,0,33.15,EXPERT,FRUIT,51.27
2024-08-28,216,11,23.03,90.0,2,1,29.06,Beginner,Grains,41.66
2024-10-10,260,6,26.66,60.28,3,0,24.22,BEGINNER,Dairy,35.59
2024-03-02,289,5,15.89,90.0,5,1,37.48,Expert,meat,62.33
2024-08-24,310,6,23.12,58.11,5,0,36.72,Beginner,Dairy,50.37
2024-03-27,279,8,31.46,79.23,2,0,38.77,Intermediate,Dairy,51.86
2024-10-16,284,8.0,16.16,41.97,2,0,38.53,Intermediate,GRAINS,42.32
2024-01-27,371,6,22.44,57.6,5,0,30.59,Expert,Vegetables,37.08
2024-01-21,202,9,24.26,73.06,6,1,18.29,, Meat ,33.63
2024-07-23,435,11,23.06,53.7,1,0,30.62,,vegetables,48.98
2024-04-21,194,10,26.79,61.36,6,0,16.28,Beginner,FRUIT,29.36
2024-04-07,401,11,27.44,50.48,6,0,35.35,expert,Dairy,53.68
2024-11-20,2500,11,21.86,67.42,2,0,46.99,Intermediate,Vegetables,56.91
2024-12-13,177,6,16.13,40.36,4,0,47.97,Beginner,Meat,51.37
2024-04-08,302,13,19.66,71.77,0,1,,Intermediate,Vegetables,41.38
2024-01-15,179,9,22.54,64.18,0,0,,Intermediate,Meat,48.9
2024-03-25,244,5,20.0,54.1,0,0,39.58,Beginner,Vegetables,50.18
2024-05-28,178,6,23.17,56.01,1,0,32.79,Beginner,Dairy,38.74
2024-04-21,289,10,22.06,28.0,6,0,43.02,Intermediate,Vegetables,40.48
2024-10-20,217,9,21.48,45.6,6,1,34.63,Intermediate,Fruit,32.09
2024-03-14,272 meals,8,,62.99,3,1,55.32,Beginner,Grains,60.88
2024-01-20,127,8,17.99,44.46,5,1,25.81,,Grains,34.09
2024-11-20,265,9,20.95,57.33,2,1,24.71,Beginner,Meat,52.24
2024-08-19,295,7,33.15,58.45,0,0,27.26,beginner,Dairy,43.31
2024-06-03,284,staff: 5,,60.69,0,0,40.04,Intermediate,Meat,45.4
2024-08-01,270,5,29.7,56.07,3,0,31.71, Intermediate ,Dairy,41.17
2024-10-04, 246 ,12,21.13,82.54,4,0,35.48,Beginner,Vegetables,40.61
2024-08-28,260,11,23.81,44.14,2,0,,Beginner,dairy,23.8
2024-08-12,,4,19.42,53.41,0,1,27.85,Expert,Dairy,35.35
2024-10-30,200,8,29.38,59.22,2,0,14.78,Beginner,FRUIT,35.68
2024-09-04, 210 ,8,20.45,47.4,2,0,22.42,Intermediate,Vegetables,24.92
2024-04-27,353,4,18.09,42.98,5,1,9.51,Intermediate,Vegetables,26.94
2024-04-15,231,11,26.22,51.75,0,0,37.2,Beginner,Dairy,42.22
2024-07-01,335,,15.06,68.19,0,0,42.42,Expert,Dairy,50.13
2024-06-17,175,staff: 9,25.24,54.55,0,0,16.15,Beginner,Meat,28.94
2024-02-06,282,9,23.49,54.72,1,0,24.85,,Fruit,37.44
2024-04-21,180,,17.79,50.07,6,1,25.05,Expert,Grains,37.1
2024-03-28,206,6,19.61,53.19,3,1,34.71,Beginner,Meat,58.32
2024-05-16,202,9,24.38,57.66,3,0,27.2,Expert ,Dairy,38.26
2024-06-28,109,9,26.99,43.79,4,0,30.98,Expert,Grains,25.7
2024-09-13,223,11,,48.02,4,0,21.48,Intermediate,Vegetables,25.96
2024-05-28,"279,",11,20.33,58.63,1,1,21.7,,Vegetables,37.77
2024-08-19,287,8,26.99,58.41,0,0,27.25,Intermediate,Fruit,34.86
2024-04-20,179,7,15.52,64.07,5,1,31.25,EXPERT,Meat,48.49
2024-03-23,291,11,24.81,56.33,5,0,45.95,,Dairy,47.7
2024-02-04,262,10 staff,29.79,54.47,6,0,46.83,Expert,Dairy,43.5
2024-11-03,,9,26.01,57.44,6,0,28.29,expert,Grains ,27.28
2024-12-29,219,staff: 5,28.81,32.11,6,0,18.72,Beginner,Vegetables,30.86
2024-12-15,237,10,22.93,55.14,6,0,29.24,Expert,Dairy,29.75
2024-08-19,"405,",11,29.39,65.91,0,0,36.42,Intermediate,MEAT,59.12
2024-03-30,262,8,18.51,82.67,5,0,29.32,Expert,Fruit,32.21
2024-04-24,158,6,21.43,56.98,2,1,16.23,Beginner,Fruit,31.98
2024-03-09,277,staff: 9,24.17,63.68,5,0,43.03,Expert,Grains,53.54
2024-05-15,349,6,19.21,49.61,2,0,31.0,Beginner,Dairy,48.0
2024-04-18,124,9,21.05,55.16,3,0,30.29,Intermediate,Dairy,32.25
2024-02-08,291,9,,68.2,3,0,26.89,,Grains,49.94
2024-06-02,306,4,33.53,55.83,6,1,,Expert,Meat,50.05
2024-06-19, 318 ,8,28.06,50.79,2,0,36.45,Beginner,Vegetables,47.3
2024-08-11,139,4,29.6,60.93,6,0,40.75,Intermediate,Meat,42.71
2024-02-11,380,,19.66,60.47,6,0,19.04,Expert,GRAINS,44.73
2024-02-14,313,6,26.88,42.87,2,0,14.23,Intermediate,Vegetables,35.02
2024-10-12,341,8,17.06,63.98,5,0,31.06,expert,Meat,50.59
2024/08/26, 199 ,13,25.47,55.41,0,0,6.49,,Meat,31.64
2024-02-27,173,9,7.63,65.73,1,0,46.87,Beginner,Grains,55.06
2024-07-06,345,,19.86,42.11,5,0,33.61,Beginner,Meat,52.79
2024-05-17,273,11,21.4,52.05,4,0,29.38,,Meat,43.82
2024-06-04,347,11,28.48,54.9,1,0,27.67,Beginner,Grains,56.12
2024-07-25,233,10,,51.22,3,1,35.76,Beginner,GRAINS,42.8
2024-03-14,154,6,30.73,42.53,3,1,39.03,INTERMEDIATE,Vegetables,38.86
2024-03-29,148,10,17.3,48.35,4,0,21.82,Intermediate,FRUIT,29.47
2024-08-14,265,11,27.02,58.98,2,0,31.91,Intermediate, Meat ,43.1
2024-04-24,167,8,23.8,54.27,2,0,22.06,Expert,Meat,39.68
2024-04-15,267, 6 ,18.32,42.1,0,0,15.7,Beginner,Vegetables,33.58
2024-07-18, 167 ,4,27.45,66.62,3,0,34.64,BEGINNER,Fruit,34.93
2024-04-18,239,7,26.04,53.5,3,0,30.92,Beginner,Fruit,32.91
2024-03-01,"236,",4,25.0,76.39,4,0,,Intermediate,Fruit,31.04
2024-08-31,263,8,22.56,60.41,5,1,19.35,BEGINNER,Meat,33.3
2024-09-15,181,7.0,29.03,58.62,6,0,11.11,Intermediate,Vegetables,24.81
2024-01-30,225,10,11.21,81.38,1,0,43.71,Intermediate,Vegetables,44.9
2024-05-28,"212,",8,21.39,62.6,1,0,9.43,,Grains,34.49
2024-12-13,379,9,24.76,34.87,4,0,32.17,Beginner,Meat,63.65
2024-12-19,349 meals,7,21.23,48.25,3,1,24.38,Intermediate,Meat,44.02
2024-07-07,232,8,19.67,79.27,6,0,18.62,Intermediate,Dairy,26.27
2024-11-07,262,9,27.51,62.26,3,0,32.67,Expert,Vegetables,35.49
